iso_code,name_fr,continent,date,new_deaths_smoothed
FRA,France,Europe,2020-01-29,0.0
FRA,France,Europe,2020-01-30,0.0
FRA,France,Europe,2020-01-31,0.0
FRA,France,Europe,2020-02-01,0.0
FRA,France,Europe,2020-02-02,0.0
FRA,France,Europe,2020-02-03,0.0
FRA,France,Europe,2020-02-04,0.0
FRA,France,Europe,2020-02-05,0.0
FRA,France,Europe,2020-02-06,0.0
FRA,France,Europe,2020-02-07,0.0
FRA,France,Europe,2020-02-08,0.0
FRA,France,Europe,2020-02-09,0.0
FRA,France,Europe,2020-02-10,0.0
FRA,France,Europe,2020-02-11,0.0
FRA,France,Europe,2020-02-12,0.0
FRA,France,Europe,2020-02-13,0.0
FRA,France,Europe,2020-02-14,0.0
FRA,France,Europe,2020-02-15,0.143
FRA,France,Europe,2020-02-16,0.143
FRA,France,Europe,2020-02-17,0.143
FRA,France,Europe,2020-02-18,0.143
FRA,France,Europe,2020-02-19,0.143
FRA,France,Europe,2020-02-20,0.143
FRA,France,Europe,2020-02-21,0.143
FRA,France,Europe,2020-02-22,0.0
FRA,France,Europe,2020-02-23,0.0
FRA,France,Europe,2020-02-24,0.0
FRA,France,Europe,2020-02-25,0.0
FRA,France,Europe,2020-02-26,0.143
FRA,France,Europe,2020-02-27,0.143
FRA,France,Europe,2020-02-28,0.143
FRA,France,Europe,2020-02-29,0.143
FRA,France,Europe,2020-03-01,0.143
FRA,France,Europe,2020-03-02,0.286
FRA,France,Europe,2020-03-03,0.429
FRA,France,Europe,2020-03-04,0.286
FRA,France,Europe,2020-03-05,0.714
FRA,France,Europe,2020-03-06,1.0
FRA,France,Europe,2020-03-07,2.0
FRA,France,Europe,2020-03-08,2.429
FRA,France,Europe,2020-03-09,3.143
FRA,France,Europe,2020-03-10,4.143
FRA,France,Europe,2020-03-11,6.286
FRA,France,Europe,2020-03-12,5.857
FRA,France,Europe,2020-03-13,10.0
FRA,France,Europe,2020-03-14,10.714
FRA,France,Europe,2020-03-15,10.286
FRA,France,Europe,2020-03-16,17.714
FRA,France,Europe,2020-03-17,16.571
FRA,France,Europe,2020-03-18,14.429
FRA,France,Europe,2020-03-19,28.0
FRA,France,Europe,2020-03-20,53.143
FRA,France,Europe,2020-03-21,67.429
FRA,France,Europe,2020-03-22,83.571
FRA,France,Europe,2020-03-23,101.857
FRA,France,Europe,2020-03-24,136.143
FRA,France,Europe,2020-03-25,169.143
FRA,France,Europe,2020-03-26,207.571
FRA,France,Europe,2020-03-27,220.714
FRA,France,Europe,2020-03-28,250.143
FRA,France,Europe,2020-03-29,276.0
FRA,France,Europe,2020-03-30,309.143
FRA,France,Europe,2020-03-31,346.286
FRA,France,Europe,2020-04-01,492.143
FRA,France,Europe,2020-04-02,527.143
FRA,France,Europe,2020-04-03,644.714
FRA,France,Europe,2020-04-04,749.714
FRA,France,Europe,2020-04-05,781.857
FRA,France,Europe,2020-04-06,841.143
FRA,France,Europe,2020-04-07,972.0
FRA,France,Europe,2020-04-08,870.857
FRA,France,Europe,2020-04-09,975.286
FRA,France,Europe,2020-04-10,955.714
FRA,France,Europe,2020-04-11,896.143
FRA,France,Europe,2020-04-12,902.143
FRA,France,Europe,2020-04-13,865.0
FRA,France,Europe,2020-04-14,768.857
FRA,France,Europe,2020-04-15,896.571
FRA,France,Europe,2020-04-16,812.714
FRA,France,Europe,2020-04-17,780.714
FRA,France,Europe,2020-04-18,781.429
FRA,France,Europe,2020-04-19,756.857
FRA,France,Europe,2020-04-20,753.143
FRA,France,Europe,2020-04-21,722.429
FRA,France,Europe,2020-04-22,594.714
FRA,France,Europe,2020-04-23,560.857
FRA,France,Europe,2020-04-24,507.857
FRA,France,Europe,2020-04-25,469.0
FRA,France,Europe,2020-04-26,448.0
FRA,France,Europe,2020-04-27,432.286
FRA,France,Europe,2020-04-28,409.286
FRA,France,Europe,2020-04-29,392.429
FRA,France,Europe,2020-04-30,360.0
FRA,France,Europe,2020-05-01,335.286
FRA,France,Europe,2020-05-02,310.714
FRA,France,Europe,2020-05-03,295.429
FRA,France,Europe,2020-05-04,276.714
FRA,France,Europe,2020-05-05,271.857
FRA,France,Europe,2020-05-06,250.286
FRA,France,Europe,2020-05-07,234.571
FRA,France,Europe,2020-05-08,238.143
FRA,France,Europe,2020-05-09,221.429
FRA,France,Europe,2020-05-10,212.143
FRA,France,Europe,2020-05-11,206.0
FRA,France,Europe,2020-05-12,208.143
FRA,France,Europe,2020-05-13,181.0
FRA,France,Europe,2020-05-14,205.571
FRA,France,Europe,2020-05-15,185.571
FRA,France,Europe,2020-05-16,188.143
FRA,France,Europe,2020-05-17,247.143
FRA,France,Europe,2020-05-18,228.0
FRA,France,Europe,2020-05-19,147.286
FRA,France,Europe,2020-05-20,151.0
FRA,France,Europe,2020-05-21,112.571
FRA,France,Europe,2020-05-22,119.143
FRA,France,Europe,2020-05-23,117.429
FRA,France,Europe,2020-05-24,37.0
FRA,France,Europe,2020-05-25,31.286
FRA,France,Europe,2020-05-26,81.857
FRA,France,Europe,2020-05-27,66.143
FRA,France,Europe,2020-05-28,64.0
FRA,France,Europe,2020-05-29,50.143
FRA,France,Europe,2020-05-30,46.0
FRA,France,Europe,2020-05-31,61.857
FRA,France,Europe,2020-06-01,53.714
FRA,France,Europe,2020-06-02,49.286
FRA,France,Europe,2020-06-03,60.714
FRA,France,Europe,2020-06-04,57.571
FRA,France,Europe,2020-06-05,56.714
FRA,France,Europe,2020-06-06,53.0
FRA,France,Europe,2020-06-07,50.429
FRA,France,Europe,2020-06-08,53.714
FRA,France,Europe,2020-06-09,51.143
FRA,France,Europe,2020-06-10,42.571
FRA,France,Europe,2020-06-11,40.0
FRA,France,Europe,2020-06-12,37.571
FRA,France,Europe,2020-06-13,36.571
FRA,France,Europe,2020-06-14,36.143
FRA,France,Europe,2020-06-15,32.286
FRA,France,Europe,2020-06-16,36.0
FRA,France,Europe,2020-06-17,36.571
FRA,France,Europe,2020-06-18,36.714
FRA,France,Europe,2020-06-19,34.714
FRA,France,Europe,2020-06-20,33.857
FRA,France,Europe,2020-06-21,33.286
FRA,France,Europe,2020-06-22,32.714
FRA,France,Europe,2020-06-23,24.143
FRA,France,Europe,2020-06-24,22.429
FRA,France,Europe,2020-06-25,21.143
FRA,France,Europe,2020-06-26,22.857
FRA,France,Europe,2020-06-27,20.429
FRA,France,Europe,2020-06-28,19.571
FRA,France,Europe,2020-06-29,21.143
FRA,France,Europe,2020-06-30,17.714
FRA,France,Europe,2020-07-01,18.571
FRA,France,Europe,2020-07-02,17.714
FRA,France,Europe,2020-07-03,16.571
FRA,France,Europe,2020-07-04,16.429
FRA,France,Europe,2020-07-05,16.286
FRA,France,Europe,2020-07-06,15.571
FRA,France,Europe,2020-07-07,12.857
FRA,France,Europe,2020-07-08,14.571
FRA,France,Europe,2020-07-09,15.0
FRA,France,Europe,2020-07-10,16.143
FRA,France,Europe,2020-07-11,16.571
FRA,France,Europe,2020-07-12,16.714
FRA,France,Europe,2020-07-13,15.714
FRA,France,Europe,2020-07-14,14.429
FRA,France,Europe,2020-07-15,22.571
FRA,France,Europe,2020-07-16,22.714
FRA,France,Europe,2020-07-17,20.857
FRA,France,Europe,2020-07-18,20.857
FRA,France,Europe,2020-07-19,20.857
FRA,France,Europe,2020-07-20,21.0
FRA,France,Europe,2020-07-21,18.857
FRA,France,Europe,2020-07-22,7.143
FRA,France,Europe,2020-07-23,6.286
FRA,France,Europe,2020-07-24,5.857
FRA,France,Europe,2020-07-25,5.429
FRA,France,Europe,2020-07-26,5.429
FRA,France,Europe,2020-07-27,4.571
FRA,France,Europe,2020-07-28,8.286
FRA,France,Europe,2020-07-29,9.429
FRA,France,Europe,2020-07-30,10.143
FRA,France,Europe,2020-07-31,10.286
FRA,France,Europe,2020-08-01,10.286
FRA,France,Europe,2020-08-02,10.286
FRA,France,Europe,2020-08-03,12.0
FRA,France,Europe,2020-08-04,10.429
FRA,France,Europe,2020-08-05,10.0
FRA,France,Europe,2020-08-06,8.286
FRA,France,Europe,2020-08-07,8.571
FRA,France,Europe,2020-08-08,8.714
FRA,France,Europe,2020-08-09,8.714
FRA,France,Europe,2020-08-10,6.571
FRA,France,Europe,2020-08-11,8.286
FRA,France,Europe,2020-08-12,9.286
FRA,France,Europe,2020-08-13,11.143
FRA,France,Europe,2020-08-14,12.0
FRA,France,Europe,2020-08-15,12.0
FRA,France,Europe,2020-08-16,12.143
FRA,France,Europe,2020-08-17,12.857
FRA,France,Europe,2020-08-18,14.0
FRA,France,Europe,2020-08-19,14.0
FRA,France,Europe,2020-08-20,13.143
FRA,France,Europe,2020-08-21,13.857
FRA,France,Europe,2020-08-22,15.0
FRA,France,Europe,2020-08-23,14.857
FRA,France,Europe,2020-08-24,14.286
FRA,France,Europe,2020-08-25,13.857
FRA,France,Europe,2020-08-26,11.286
FRA,France,Europe,2020-08-27,14.714
FRA,France,Europe,2020-08-28,13.857
FRA,France,Europe,2020-08-29,13.429
FRA,France,Europe,2020-08-30,13.857
FRA,France,Europe,2020-08-31,16.0
FRA,France,Europe,2020-09-01,17.143
FRA,France,Europe,2020-09-02,21.0
FRA,France,Europe,2020-09-03,18.429
FRA,France,Europe,2020-09-04,12.857
FRA,France,Europe,2020-09-05,13.714
FRA,France,Europe,2020-09-06,13.857
FRA,France,Europe,2020-09-07,12.714
FRA,France,Europe,2020-09-08,14.286
FRA,France,Europe,2020-09-09,15.0
FRA,France,Europe,2020-09-10,15.286
FRA,France,Europe,2020-09-11,30.0
FRA,France,Europe,2020-09-12,30.857
FRA,France,Europe,2020-09-13,31.0
FRA,France,Europe,2020-09-14,32.571
FRA,France,Europe,2020-09-15,34.286
FRA,France,Europe,2020-09-16,36.571
FRA,France,Europe,2020-09-17,40.571
FRA,France,Europe,2020-09-18,50.857
FRA,France,Europe,2020-09-19,51.857
FRA,France,Europe,2020-09-20,52.714
FRA,France,Europe,2020-09-21,55.429
FRA,France,Europe,2020-09-22,59.571
FRA,France,Europe,2020-09-23,59.571
FRA,France,Europe,2020-09-24,59.429
FRA,France,Europe,2020-09-25,59.0
FRA,France,Europe,2020-09-26,61.0
FRA,France,Europe,2020-09-27,63.286
FRA,France,Europe,2020-09-28,67.714
FRA,France,Europe,2020-09-29,66.857
FRA,France,Europe,2020-09-30,71.429
FRA,France,Europe,2020-10-01,73.0
FRA,France,Europe,2020-10-02,70.857
FRA,France,Europe,2020-10-03,68.857
FRA,France,Europe,2020-10-04,69.571
FRA,France,Europe,2020-10-05,67.714
FRA,France,Europe,2020-10-06,69.714
FRA,France,Europe,2020-10-07,69.714
FRA,France,Europe,2020-10-08,72.0
FRA,France,Europe,2020-10-09,68.286
FRA,France,Europe,2020-10-10,69.714
FRA,France,Europe,2020-10-11,71.714
FRA,France,Europe,2020-10-12,75.429
FRA,France,Europe,2020-10-13,81.286
FRA,France,Europe,2020-10-14,85.0
FRA,France,Europe,2020-10-15,86.714
FRA,France,Europe,2020-10-16,96.571
FRA,France,Europe,2020-10-17,102.0
FRA,France,Europe,2020-10-18,107.571
FRA,France,Europe,2020-10-19,114.857
FRA,France,Europe,2020-10-20,136.714
FRA,France,Europe,2020-10-21,145.571
FRA,France,Europe,2020-10-22,155.429
FRA,France,Europe,2020-10-23,172.714
FRA,France,Europe,2020-10-24,181.714
FRA,France,Europe,2020-10-25,166.571
FRA,France,Europe,2020-10-26,201.0
FRA,France,Europe,2020-10-27,236.429
FRA,France,Europe,2020-10-28,249.429
FRA,France,Europe,2020-10-29,260.571
FRA,France,Europe,2020-10-30,295.857
FRA,France,Europe,2020-10-31,308.143
FRA,France,Europe,2020-11-01,344.143
FRA,France,Europe,2020-11-02,349.714
FRA,France,Europe,2020-11-03,456.857
FRA,France,Europe,2020-11-04,415.429
FRA,France,Europe,2020-11-05,432.857
FRA,France,Europe,2020-11-06,473.143
FRA,France,Europe,2020-11-07,484.714
FRA,France,Europe,2020-11-08,490.286
FRA,France,Europe,2020-11-09,509.143
FRA,France,Europe,2020-11-10,502.286
FRA,France,Europe,2020-11-11,553.571
FRA,France,Europe,2020-11-12,562.286
FRA,France,Europe,2020-11-13,577.143
FRA,France,Europe,2020-11-14,584.286
FRA,France,Europe,2020-11-15,589.0
FRA,France,Europe,2020-11-16,582.0
FRA,France,Europe,2020-11-17,581.286
FRA,France,Europe,2020-11-18,596.0
FRA,France,Europe,2020-11-19,596.286
FRA,France,Europe,2020-11-20,626.0
FRA,France,Europe,2020-11-21,611.571
FRA,France,Europe,2020-11-22,598.857
FRA,France,Europe,2020-11-23,598.143
FRA,France,Europe,2020-11-24,567.429
FRA,France,Europe,2020-11-25,561.286
FRA,France,Europe,2020-11-26,549.0
FRA,France,Europe,2020-11-27,523.0
FRA,France,Europe,2020-11-28,517.286
FRA,France,Europe,2020-11-29,515.0
FRA,France,Europe,2020-11-30,501.143
FRA,France,Europe,2020-12-01,467.714
FRA,France,Europe,2020-12-02,456.714
FRA,France,Europe,2020-12-03,455.714
FRA,France,Europe,2020-12-04,408.714
FRA,France,Europe,2020-12-05,408.714
FRA,France,Europe,2020-12-06,405.286
FRA,France,Europe,2020-12-07,399.143
FRA,France,Europe,2020-12-08,407.857
FRA,France,Europe,2020-12-09,405.857
FRA,France,Europe,2020-12-10,401.857
FRA,France,Europe,2020-12-11,401.571
FRA,France,Europe,2020-12-12,398.857
FRA,France,Europe,2020-12-13,395.429
FRA,France,Europe,2020-12-14,396.857
FRA,France,Europe,2020-12-15,390.143
FRA,France,Europe,2020-12-16,389.143
FRA,France,Europe,2020-12-17,384.143
FRA,France,Europe,2020-12-18,381.857
FRA,France,Europe,2020-12-19,381.286
FRA,France,Europe,2020-12-20,378.571
FRA,France,Europe,2020-12-21,375.429
FRA,France,Europe,2020-12-22,377.0
FRA,France,Europe,2020-12-23,375.143
FRA,France,Europe,2020-12-24,379.429
FRA,France,Europe,2020-12-25,314.714
FRA,France,Europe,2020-12-26,308.571
FRA,France,Europe,2020-12-27,314.571
FRA,France,Europe,2020-12-28,316.571
FRA,France,Europe,2020-12-29,340.429
FRA,France,Europe,2020-12-30,344.286
FRA,France,Europe,2020-12-31,338.571
FRA,France,Europe,2021-01-01,334.857
FRA,France,Europe,2021-01-02,336.286
FRA,France,Europe,2021-01-03,328.143
FRA,France,Europe,2021-01-04,330.571
FRA,France,Europe,2021-01-05,316.143
FRA,France,Europe,2021-01-06,313.0
FRA,France,Europe,2021-01-07,316.571
FRA,France,Europe,2021-01-08,382.0
FRA,France,Europe,2021-01-09,383.714
FRA,France,Europe,2021-01-10,388.714
FRA,France,Europe,2021-01-11,378.286
FRA,France,Europe,2021-01-12,360.286
FRA,France,Europe,2021-01-13,352.714
FRA,France,Europe,2021-01-14,353.857
FRA,France,Europe,2021-01-15,360.286
FRA,France,Europe,2021-01-16,363.857
FRA,France,Europe,2021-01-17,362.429
FRA,France,Europe,2021-01-18,375.571
FRA,France,Europe,2021-01-19,363.286
FRA,France,Europe,2021-01-20,374.857
FRA,France,Europe,2021-01-21,383.857
FRA,France,Europe,2021-01-22,385.714
FRA,France,Europe,2021-01-23,391.0
FRA,France,Europe,2021-01-24,395.429
FRA,France,Europe,2021-01-25,401.429
FRA,France,Europe,2021-01-26,395.429
FRA,France,Europe,2021-01-27,401.143
FRA,France,Europe,2021-01-28,400.714
FRA,France,Europe,2021-01-29,425.286
FRA,France,Europe,2021-01-30,426.857
FRA,France,Europe,2021-01-31,430.143
FRA,France,Europe,2021-02-01,431.571
FRA,France,Europe,2021-02-02,447.571
FRA,France,Europe,2021-02-03,448.714
FRA,France,Europe,2021-02-04,399.571
FRA,France,Europe,2021-02-05,426.286
FRA,France,Europe,2021-02-06,419.143
FRA,France,Europe,2021-02-07,415.714
FRA,France,Europe,2021-02-08,416.286
FRA,France,Europe,2021-02-09,416.0
FRA,France,Europe,2021-02-10,407.143
FRA,France,Europe,2021-02-11,458.571
FRA,France,Europe,2021-02-12,406.714
FRA,France,Europe,2021-02-13,407.857
FRA,France,Europe,2021-02-14,407.286
FRA,France,Europe,2021-02-15,400.429
FRA,France,Europe,2021-02-16,380.857
FRA,France,Europe,2021-02-17,382.857
FRA,France,Europe,2021-02-18,370.143
FRA,France,Europe,2021-02-19,359.714
FRA,France,Europe,2021-02-20,353.714
FRA,France,Europe,2021-02-21,352.571
FRA,France,Europe,2021-02-22,341.429
FRA,France,Europe,2021-02-23,319.143
FRA,France,Europe,2021-02-24,314.571
FRA,France,Europe,2021-02-25,313.143
FRA,France,Europe,2021-02-26,308.429
FRA,France,Europe,2021-02-27,312.429
FRA,France,Europe,2021-02-28,307.143
FRA,France,Europe,2021-03-01,313.0
FRA,France,Europe,2021-03-02,311.143
FRA,France,Europe,2021-03-03,317.429
FRA,France,Europe,2021-03-04,322.0
FRA,France,Europe,2021-03-05,307.714
FRA,France,Europe,2021-03-06,305.571
FRA,France,Europe,2021-03-07,306.714
FRA,France,Europe,2021-03-08,305.0
FRA,France,Europe,2021-03-09,297.429
FRA,France,Europe,2021-03-10,287.429
FRA,France,Europe,2021-03-11,285.143
FRA,France,Europe,2021-03-12,254.286
FRA,France,Europe,2021-03-13,254.143
FRA,France,Europe,2021-03-14,265.143
FRA,France,Europe,2021-03-15,262.0
FRA,France,Europe,2021-03-16,267.0
FRA,France,Europe,2021-03-17,243.429
FRA,France,Europe,2021-03-18,264.143
FRA,France,Europe,2021-03-19,273.0
FRA,France,Europe,2021-03-20,274.143
FRA,France,Europe,2021-03-21,264.286
FRA,France,Europe,2021-03-22,264.571
FRA,France,Europe,2021-03-23,248.571
FRA,France,Europe,2021-03-24,271.286
FRA,France,Europe,2021-03-25,243.143
FRA,France,Europe,2021-03-26,330.571
FRA,France,Europe,2021-03-27,332.571
FRA,France,Europe,2021-03-28,331.571
FRA,France,Europe,2021-03-29,334.0
FRA,France,Europe,2021-03-30,347.286
FRA,France,Europe,2021-03-31,355.429
FRA,France,Europe,2021-04-01,367.286
FRA,France,Europe,2021-04-02,286.571
FRA,France,Europe,2021-04-03,259.429
FRA,France,Europe,2021-04-04,293.429
FRA,France,Europe,2021-04-05,270.143
FRA,France,Europe,2021-04-06,276.571
FRA,France,Europe,2021-04-07,235.143
FRA,France,Europe,2021-04-08,298.571
FRA,France,Europe,2021-04-09,252.0
FRA,France,Europe,2021-04-10,253.429
FRA,France,Europe,2021-04-11,300.143
FRA,France,Europe,2021-04-12,327.0
FRA,France,Europe,2021-04-13,315.429
FRA,France,Europe,2021-04-14,356.0
FRA,France,Europe,2021-04-15,290.857
FRA,France,Europe,2021-04-16,337.286
FRA,France,Europe,2021-04-17,362.714
FRA,France,Europe,2021-04-18,283.286
FRA,France,Europe,2021-04-19,292.143
FRA,France,Europe,2021-04-20,296.286
FRA,France,Europe,2021-04-21,301.429
FRA,France,Europe,2021-04-22,298.714
FRA,France,Europe,2021-04-23,298.857
FRA,France,Europe,2021-04-24,302.857
FRA,France,Europe,2021-04-25,303.571
FRA,France,Europe,2021-04-26,296.571
FRA,France,Europe,2021-04-27,292.714
FRA,France,Europe,2021-04-28,290.143
FRA,France,Europe,2021-04-29,294.571
FRA,France,Europe,2021-04-30,288.571
FRA,France,Europe,2021-05-01,285.0
FRA,France,Europe,2021-05-02,280.429
FRA,France,Europe,2021-05-03,268.0
FRA,France,Europe,2021-05-04,255.143
FRA,France,Europe,2021-05-05,245.0
FRA,France,Europe,2021-05-06,232.286
FRA,France,Europe,2021-05-07,226.714
FRA,France,Europe,2021-05-08,224.429
FRA,France,Europe,2021-05-09,224.714
FRA,France,Europe,2021-05-10,222.0
FRA,France,Europe,2021-05-11,221.143
FRA,France,Europe,2021-05-12,212.571
FRA,France,Europe,2021-05-13,200.0
FRA,France,Europe,2021-05-14,188.857
FRA,France,Europe,2021-05-15,179.714
FRA,France,Europe,2021-05-16,174.857
FRA,France,Europe,2021-05-17,161.143
FRA,France,Europe,2021-05-18,157.857
FRA,France,Europe,2021-05-19,151.714
FRA,France,Europe,2021-05-20,152.0
FRA,France,Europe,2021-05-21,144.857
FRA,France,Europe,2021-05-22,141.571
FRA,France,Europe,2021-05-23,140.0
FRA,France,Europe,2021-05-24,120.857
FRA,France,Europe,2021-05-25,119.857
FRA,France,Europe,2021-05-26,120.429
FRA,France,Europe,2021-05-27,121.714
FRA,France,Europe,2021-05-28,122.0
FRA,France,Europe,2021-05-29,118.714
FRA,France,Europe,2021-05-30,115.0
FRA,France,Europe,2021-05-31,124.429
FRA,France,Europe,2021-06-01,112.0
FRA,France,Europe,2021-06-02,93.714
FRA,France,Europe,2021-06-03,94.714
FRA,France,Europe,2021-06-04,89.429
FRA,France,Europe,2021-06-05,88.143
FRA,France,Europe,2021-06-06,85.429
FRA,France,Europe,2021-06-07,76.286
FRA,France,Europe,2021-06-08,67.857
FRA,France,Europe,2021-06-09,74.714
FRA,France,Europe,2021-06-10,63.143
FRA,France,Europe,2021-06-11,61.143
FRA,France,Europe,2021-06-12,57.857
FRA,France,Europe,2021-06-13,56.143
FRA,France,Europe,2021-06-14,56.0
FRA,France,Europe,2021-06-15,56.143
FRA,France,Europe,2021-06-16,53.714
FRA,France,Europe,2021-06-17,52.0
FRA,France,Europe,2021-06-18,51.143
FRA,France,Europe,2021-06-19,49.429
FRA,France,Europe,2021-06-20,49.571
FRA,France,Europe,2021-06-21,46.286
FRA,France,Europe,2021-06-22,42.714
FRA,France,Europe,2021-06-23,40.571
FRA,France,Europe,2021-06-24,38.857
FRA,France,Europe,2021-06-25,33.857
FRA,France,Europe,2021-06-26,32.429
FRA,France,Europe,2021-06-27,32.857
FRA,France,Europe,2021-06-28,33.429
FRA,France,Europe,2021-06-29,34.143
FRA,France,Europe,2021-06-30,31.429
FRA,France,Europe,2021-07-01,29.286
FRA,France,Europe,2021-07-02,28.0
FRA,France,Europe,2021-07-03,28.714
FRA,France,Europe,2021-07-04,27.571
FRA,France,Europe,2021-07-05,26.571
DEU,Allemagne,Europe,2020-02-01,0.0
DEU,Allemagne,Europe,2020-02-02,0.0
DEU,Allemagne,Europe,2020-02-03,0.0
DEU,Allemagne,Europe,2020-02-04,0.0
DEU,Allemagne,Europe,2020-02-05,0.0
DEU,Allemagne,Europe,2020-02-06,0.0
DEU,Allemagne,Europe,2020-02-07,0.0
DEU,Allemagne,Europe,2020-02-08,0.0
DEU,Allemagne,Europe,2020-02-09,0.0
DEU,Allemagne,Europe,2020-02-10,0.0
DEU,Allemagne,Europe,2020-02-11,0.0
DEU,Allemagne,Europe,2020-02-12,0.0
DEU,Allemagne,Europe,2020-02-13,0.0
DEU,Allemagne,Europe,2020-02-14,0.0
DEU,Allemagne,Europe,2020-02-15,0.0
DEU,Allemagne,Europe,2020-02-16,0.0
DEU,Allemagne,Europe,2020-02-17,0.0
DEU,Allemagne,Europe,2020-02-18,0.0
DEU,Allemagne,Europe,2020-02-19,0.0
DEU,Allemagne,Europe,2020-02-20,0.0
DEU,Allemagne,Europe,2020-02-21,0.0
DEU,Allemagne,Europe,2020-02-22,0.0
DEU,Allemagne,Europe,2020-02-23,0.0
DEU,Allemagne,Europe,2020-02-24,0.0
DEU,Allemagne,Europe,2020-02-25,0.0
DEU,Allemagne,Europe,2020-02-26,0.0
DEU,Allemagne,Europe,2020-02-27,0.0
DEU,Allemagne,Europe,2020-02-28,0.0
DEU,Allemagne,Europe,2020-02-29,0.0
DEU,Allemagne,Europe,2020-03-01,0.0
DEU,Allemagne,Europe,2020-03-02,0.0
DEU,Allemagne,Europe,2020-03-03,0.0
DEU,Allemagne,Europe,2020-03-04,0.0
DEU,Allemagne,Europe,2020-03-05,0.0
DEU,Allemagne,Europe,2020-03-06,0.0
DEU,Allemagne,Europe,2020-03-07,0.0
DEU,Allemagne,Europe,2020-03-08,0.0
DEU,Allemagne,Europe,2020-03-09,0.286
DEU,Allemagne,Europe,2020-03-10,0.286
DEU,Allemagne,Europe,2020-03-11,0.429
DEU,Allemagne,Europe,2020-03-12,0.429
DEU,Allemagne,Europe,2020-03-13,1.0
DEU,Allemagne,Europe,2020-03-14,1.286
DEU,Allemagne,Europe,2020-03-15,1.571
DEU,Allemagne,Europe,2020-03-16,2.143
DEU,Allemagne,Europe,2020-03-17,3.143
DEU,Allemagne,Europe,2020-03-18,3.571
DEU,Allemagne,Europe,2020-03-19,5.857
DEU,Allemagne,Europe,2020-03-20,8.571
DEU,Allemagne,Europe,2020-03-21,10.714
DEU,Allemagne,Europe,2020-03-22,11.857
DEU,Allemagne,Europe,2020-03-23,15.143
DEU,Allemagne,Europe,2020-03-24,19.0
DEU,Allemagne,Europe,2020-03-25,25.429
DEU,Allemagne,Europe,2020-03-26,31.857
DEU,Allemagne,Europe,2020-03-27,39.286
DEU,Allemagne,Europe,2020-03-28,49.857
DEU,Allemagne,Europe,2020-03-29,62.714
DEU,Allemagne,Europe,2020-03-30,74.571
DEU,Allemagne,Europe,2020-03-31,88.286
DEU,Allemagne,Europe,2020-04-01,102.0
DEU,Allemagne,Europe,2020-04-02,120.0
DEU,Allemagne,Europe,2020-04-03,133.286
DEU,Allemagne,Europe,2020-04-04,144.429
DEU,Allemagne,Europe,2020-04-05,150.143
DEU,Allemagne,Europe,2020-04-06,166.429
DEU,Allemagne,Europe,2020-04-07,177.286
DEU,Allemagne,Europe,2020-04-08,204.143
DEU,Allemagne,Europe,2020-04-09,214.286
DEU,Allemagne,Europe,2020-04-10,213.143
DEU,Allemagne,Europe,2020-04-11,184.571
DEU,Allemagne,Europe,2020-04-12,205.429
DEU,Allemagne,Europe,2020-04-13,197.714
DEU,Allemagne,Europe,2020-04-14,182.571
DEU,Allemagne,Europe,2020-04-15,207.857
DEU,Allemagne,Europe,2020-04-16,206.429
DEU,Allemagne,Europe,2020-04-17,226.429
DEU,Allemagne,Europe,2020-04-18,246.143
DEU,Allemagne,Europe,2020-04-19,223.429
DEU,Allemagne,Europe,2020-04-20,238.286
DEU,Allemagne,Europe,2020-04-21,248.429
DEU,Allemagne,Europe,2020-04-22,210.714
DEU,Allemagne,Europe,2020-04-23,217.571
DEU,Allemagne,Europe,2020-04-24,201.143
DEU,Allemagne,Europe,2020-04-25,202.571
DEU,Allemagne,Europe,2020-04-26,198.571
DEU,Allemagne,Europe,2020-04-27,180.571
DEU,Allemagne,Europe,2020-04-28,183.0
DEU,Allemagne,Europe,2020-04-29,169.714
DEU,Allemagne,Europe,2020-04-30,149.714
DEU,Allemagne,Europe,2020-05-01,139.429
DEU,Allemagne,Europe,2020-05-02,133.571
DEU,Allemagne,Europe,2020-05-03,127.143
DEU,Allemagne,Europe,2020-05-04,123.857
DEU,Allemagne,Europe,2020-05-05,97.0
DEU,Allemagne,Europe,2020-05-06,115.429
DEU,Allemagne,Europe,2020-05-07,109.857
DEU,Allemagne,Europe,2020-05-08,110.571
DEU,Allemagne,Europe,2020-05-09,105.286
DEU,Allemagne,Europe,2020-05-10,100.429
DEU,Allemagne,Europe,2020-05-11,95.429
DEU,Allemagne,Europe,2020-05-12,106.429
DEU,Allemagne,Europe,2020-05-13,83.714
DEU,Allemagne,Europe,2020-05-14,70.286
DEU,Allemagne,Europe,2020-05-15,55.286
DEU,Allemagne,Europe,2020-05-16,55.571
DEU,Allemagne,Europe,2020-05-17,56.143
DEU,Allemagne,Europe,2020-05-18,48.857
DEU,Allemagne,Europe,2020-05-19,49.0
DEU,Allemagne,Europe,2020-05-20,40.429
DEU,Allemagne,Europe,2020-05-21,45.571
DEU,Allemagne,Europe,2020-05-22,47.286
DEU,Allemagne,Europe,2020-05-23,46.143
DEU,Allemagne,Europe,2020-05-24,45.857
DEU,Allemagne,Europe,2020-05-25,43.714
DEU,Allemagne,Europe,2020-05-26,41.571
DEU,Allemagne,Europe,2020-05-27,40.571
DEU,Allemagne,Europe,2020-05-28,38.143
DEU,Allemagne,Europe,2020-05-29,39.429
DEU,Allemagne,Europe,2020-05-30,38.429
DEU,Allemagne,Europe,2020-05-31,36.714
DEU,Allemagne,Europe,2020-06-01,35.143
DEU,Allemagne,Europe,2020-06-02,27.286
DEU,Allemagne,Europe,2020-06-03,24.857
DEU,Allemagne,Europe,2020-06-04,23.571
DEU,Allemagne,Europe,2020-06-05,22.0
DEU,Allemagne,Europe,2020-06-06,20.429
DEU,Allemagne,Europe,2020-06-07,20.714
DEU,Allemagne,Europe,2020-06-08,20.0
DEU,Allemagne,Europe,2020-06-09,24.714
DEU,Allemagne,Europe,2020-06-10,21.429
DEU,Allemagne,Europe,2020-06-11,19.571
DEU,Allemagne,Europe,2020-06-12,17.857
DEU,Allemagne,Europe,2020-06-13,17.143
DEU,Allemagne,Europe,2020-06-14,16.571
DEU,Allemagne,Europe,2020-06-15,16.0
DEU,Allemagne,Europe,2020-06-16,12.0
DEU,Allemagne,Europe,2020-06-17,14.143
DEU,Allemagne,Europe,2020-06-18,14.714
DEU,Allemagne,Europe,2020-06-19,14.857
DEU,Allemagne,Europe,2020-06-20,14.571
DEU,Allemagne,Europe,2020-06-21,13.429
DEU,Allemagne,Europe,2020-06-22,13.143
DEU,Allemagne,Europe,2020-06-23,13.429
DEU,Allemagne,Europe,2020-06-24,11.0
DEU,Allemagne,Europe,2020-06-25,9.286
DEU,Allemagne,Europe,2020-06-26,11.143
DEU,Allemagne,Europe,2020-06-27,10.429
DEU,Allemagne,Europe,2020-06-28,10.429
DEU,Allemagne,Europe,2020-06-29,11.0
DEU,Allemagne,Europe,2020-06-30,10.857
DEU,Allemagne,Europe,2020-07-01,9.571
DEU,Allemagne,Europe,2020-07-02,9.429
DEU,Allemagne,Europe,2020-07-03,6.429
DEU,Allemagne,Europe,2020-07-04,7.429
DEU,Allemagne,Europe,2020-07-05,7.857
DEU,Allemagne,Europe,2020-07-06,6.571
DEU,Allemagne,Europe,2020-07-07,6.0
DEU,Allemagne,Europe,2020-07-08,7.286
DEU,Allemagne,Europe,2020-07-09,7.286
DEU,Allemagne,Europe,2020-07-10,7.571
DEU,Allemagne,Europe,2020-07-11,7.143
DEU,Allemagne,Europe,2020-07-12,6.857
DEU,Allemagne,Europe,2020-07-13,7.429
DEU,Allemagne,Europe,2020-07-14,6.571
DEU,Allemagne,Europe,2020-07-15,4.857
DEU,Allemagne,Europe,2020-07-16,4.286
DEU,Allemagne,Europe,2020-07-17,3.571
DEU,Allemagne,Europe,2020-07-18,3.0
DEU,Allemagne,Europe,2020-07-19,3.0
DEU,Allemagne,Europe,2020-07-20,2.857
DEU,Allemagne,Europe,2020-07-21,3.0
DEU,Allemagne,Europe,2020-07-22,3.143
DEU,Allemagne,Europe,2020-07-23,3.286
DEU,Allemagne,Europe,2020-07-24,4.571
DEU,Allemagne,Europe,2020-07-25,4.714
DEU,Allemagne,Europe,2020-07-26,4.571
DEU,Allemagne,Europe,2020-07-27,4.429
DEU,Allemagne,Europe,2020-07-28,4.571
DEU,Allemagne,Europe,2020-07-29,4.714
DEU,Allemagne,Europe,2020-07-30,4.857
DEU,Allemagne,Europe,2020-07-31,3.857
DEU,Allemagne,Europe,2020-08-01,4.286
DEU,Allemagne,Europe,2020-08-02,4.286
DEU,Allemagne,Europe,2020-08-03,4.143
DEU,Allemagne,Europe,2020-08-04,4.571
DEU,Allemagne,Europe,2020-08-05,6.286
DEU,Allemagne,Europe,2020-08-06,5.286
DEU,Allemagne,Europe,2020-08-07,6.857
DEU,Allemagne,Europe,2020-08-08,6.714
DEU,Allemagne,Europe,2020-08-09,6.857
DEU,Allemagne,Europe,2020-08-10,7.0
DEU,Allemagne,Europe,2020-08-11,6.429
DEU,Allemagne,Europe,2020-08-12,4.857
DEU,Allemagne,Europe,2020-08-13,5.143
DEU,Allemagne,Europe,2020-08-14,5.0
DEU,Allemagne,Europe,2020-08-15,4.857
DEU,Allemagne,Europe,2020-08-16,4.714
DEU,Allemagne,Europe,2020-08-17,4.714
DEU,Allemagne,Europe,2020-08-18,4.714
DEU,Allemagne,Europe,2020-08-19,5.143
DEU,Allemagne,Europe,2020-08-20,6.571
DEU,Allemagne,Europe,2020-08-21,5.143
DEU,Allemagne,Europe,2020-08-22,5.286
DEU,Allemagne,Europe,2020-08-23,5.714
DEU,Allemagne,Europe,2020-08-24,5.714
DEU,Allemagne,Europe,2020-08-25,5.714
DEU,Allemagne,Europe,2020-08-26,5.143
DEU,Allemagne,Europe,2020-08-27,3.857
DEU,Allemagne,Europe,2020-08-28,3.429
DEU,Allemagne,Europe,2020-08-29,3.857
DEU,Allemagne,Europe,2020-08-30,3.571
DEU,Allemagne,Europe,2020-08-31,3.857
DEU,Allemagne,Europe,2020-09-01,3.714
DEU,Allemagne,Europe,2020-09-02,5.286
DEU,Allemagne,Europe,2020-09-03,4.571
DEU,Allemagne,Europe,2020-09-04,5.286
DEU,Allemagne,Europe,2020-09-05,4.286
DEU,Allemagne,Europe,2020-09-06,4.286
DEU,Allemagne,Europe,2020-09-07,4.0
DEU,Allemagne,Europe,2020-09-08,4.143
DEU,Allemagne,Europe,2020-09-09,2.857
DEU,Allemagne,Europe,2020-09-10,3.286
DEU,Allemagne,Europe,2020-09-11,3.0
DEU,Allemagne,Europe,2020-09-12,3.286
DEU,Allemagne,Europe,2020-09-13,3.429
DEU,Allemagne,Europe,2020-09-14,3.571
DEU,Allemagne,Europe,2020-09-15,4.429
DEU,Allemagne,Europe,2020-09-16,4.429
DEU,Allemagne,Europe,2020-09-17,4.429
DEU,Allemagne,Europe,2020-09-18,5.429
DEU,Allemagne,Europe,2020-09-19,5.143
DEU,Allemagne,Europe,2020-09-20,5.143
DEU,Allemagne,Europe,2020-09-21,4.857
DEU,Allemagne,Europe,2020-09-22,5.429
DEU,Allemagne,Europe,2020-09-23,7.143
DEU,Allemagne,Europe,2020-09-24,8.571
DEU,Allemagne,Europe,2020-09-25,9.286
DEU,Allemagne,Europe,2020-09-26,10.143
DEU,Allemagne,Europe,2020-09-27,10.571
DEU,Allemagne,Europe,2020-09-28,11.143
DEU,Allemagne,Europe,2020-09-29,11.143
DEU,Allemagne,Europe,2020-09-30,10.286
DEU,Allemagne,Europe,2020-10-01,10.429
DEU,Allemagne,Europe,2020-10-02,9.571
DEU,Allemagne,Europe,2020-10-03,10.286
DEU,Allemagne,Europe,2020-10-04,9.857
DEU,Allemagne,Europe,2020-10-05,12.286
DEU,Allemagne,Europe,2020-10-06,11.857
DEU,Allemagne,Europe,2020-10-07,12.429
DEU,Allemagne,Europe,2020-10-08,12.143
DEU,Allemagne,Europe,2020-10-09,11.571
DEU,Allemagne,Europe,2020-10-10,12.714
DEU,Allemagne,Europe,2020-10-11,13.286
DEU,Allemagne,Europe,2020-10-12,12.286
DEU,Allemagne,Europe,2020-10-13,16.571
DEU,Allemagne,Europe,2020-10-14,19.143
DEU,Allemagne,Europe,2020-10-15,20.714
DEU,Allemagne,Europe,2020-10-16,24.857
DEU,Allemagne,Europe,2020-10-17,23.571
DEU,Allemagne,Europe,2020-10-18,24.571
DEU,Allemagne,Europe,2020-10-19,28.857
DEU,Allemagne,Europe,2020-10-20,28.571
DEU,Allemagne,Europe,2020-10-21,27.857
DEU,Allemagne,Europe,2020-10-22,31.571
DEU,Allemagne,Europe,2020-10-23,29.286
DEU,Allemagne,Europe,2020-10-24,35.714
DEU,Allemagne,Europe,2020-10-25,37.714
DEU,Allemagne,Europe,2020-10-26,35.571
DEU,Allemagne,Europe,2020-10-27,34.143
DEU,Allemagne,Europe,2020-10-28,43.857
DEU,Allemagne,Europe,2020-10-29,49.286
DEU,Allemagne,Europe,2020-10-30,59.0
DEU,Allemagne,Europe,2020-10-31,64.0
DEU,Allemagne,Europe,2020-11-01,64.429
DEU,Allemagne,Europe,2020-11-02,82.571
DEU,Allemagne,Europe,2020-11-03,85.143
DEU,Allemagne,Europe,2020-11-04,104.429
DEU,Allemagne,Europe,2020-11-05,115.0
DEU,Allemagne,Europe,2020-11-06,121.286
DEU,Allemagne,Europe,2020-11-07,117.571
DEU,Allemagne,Europe,2020-11-08,122.714
DEU,Allemagne,Europe,2020-11-09,105.571
DEU,Allemagne,Europe,2020-11-10,152.0
DEU,Allemagne,Europe,2020-11-11,149.286
DEU,Allemagne,Europe,2020-11-12,158.0
DEU,Allemagne,Europe,2020-11-13,166.286
DEU,Allemagne,Europe,2020-11-14,172.143
DEU,Allemagne,Europe,2020-11-15,171.571
DEU,Allemagne,Europe,2020-11-16,203.571
DEU,Allemagne,Europe,2020-11-17,193.857
DEU,Allemagne,Europe,2020-11-18,199.429
DEU,Allemagne,Europe,2020-11-19,206.571
DEU,Allemagne,Europe,2020-11-20,216.286
DEU,Allemagne,Europe,2020-11-21,221.429
DEU,Allemagne,Europe,2020-11-22,226.571
DEU,Allemagne,Europe,2020-11-23,232.429
DEU,Allemagne,Europe,2020-11-24,242.0
DEU,Allemagne,Europe,2020-11-25,260.0
DEU,Allemagne,Europe,2020-11-26,282.571
DEU,Allemagne,Europe,2020-11-27,299.0
DEU,Allemagne,Europe,2020-11-28,302.857
DEU,Allemagne,Europe,2020-11-29,306.714
DEU,Allemagne,Europe,2020-11-30,319.143
DEU,Allemagne,Europe,2020-12-01,335.0
DEU,Allemagne,Europe,2020-12-02,349.857
DEU,Allemagne,Europe,2020-12-03,351.0
DEU,Allemagne,Europe,2020-12-04,366.571
DEU,Allemagne,Europe,2020-12-05,379.714
DEU,Allemagne,Europe,2020-12-06,383.286
DEU,Allemagne,Europe,2020-12-07,391.429
DEU,Allemagne,Europe,2020-12-08,403.571
DEU,Allemagne,Europe,2020-12-09,400.143
DEU,Allemagne,Europe,2020-12-10,423.857
DEU,Allemagne,Europe,2020-12-11,427.143
DEU,Allemagne,Europe,2020-12-12,437.286
DEU,Allemagne,Europe,2020-12-13,445.286
DEU,Allemagne,Europe,2020-12-14,457.143
DEU,Allemagne,Europe,2020-12-15,506.0
DEU,Allemagne,Europe,2020-12-16,544.714
DEU,Allemagne,Europe,2020-12-17,566.143
DEU,Allemagne,Europe,2020-12-18,598.143
DEU,Allemagne,Europe,2020-12-19,610.143
DEU,Allemagne,Europe,2020-12-20,613.429
DEU,Allemagne,Europe,2020-12-21,639.429
DEU,Allemagne,Europe,2020-12-22,650.286
DEU,Allemagne,Europe,2020-12-23,662.286
DEU,Allemagne,Europe,2020-12-24,614.714
DEU,Allemagne,Europe,2020-12-25,546.571
DEU,Allemagne,Europe,2020-12-26,539.286
DEU,Allemagne,Europe,2020-12-27,556.714
DEU,Allemagne,Europe,2020-12-28,576.429
DEU,Allemagne,Europe,2020-12-29,595.857
DEU,Allemagne,Europe,2020-12-30,617.286
DEU,Allemagne,Europe,2020-12-31,637.286
DEU,Allemagne,Europe,2021-01-01,652.143
DEU,Allemagne,Europe,2021-01-02,647.714
DEU,Allemagne,Europe,2021-01-03,642.0
DEU,Allemagne,Europe,2021-01-04,657.571
DEU,Allemagne,Europe,2021-01-05,641.429
DEU,Allemagne,Europe,2021-01-06,657.857
DEU,Allemagne,Europe,2021-01-07,742.286
DEU,Allemagne,Europe,2021-01-08,839.571
DEU,Allemagne,Europe,2021-01-09,873.857
DEU,Allemagne,Europe,2021-01-10,877.857
DEU,Allemagne,Europe,2021-01-11,864.429
DEU,Allemagne,Europe,2021-01-12,876.0
DEU,Allemagne,Europe,2021-01-13,894.429
DEU,Allemagne,Europe,2021-01-14,888.571
DEU,Allemagne,Europe,2021-01-15,811.857
DEU,Allemagne,Europe,2021-01-16,838.143
DEU,Allemagne,Europe,2021-01-17,852.143
DEU,Allemagne,Europe,2021-01-18,780.571
DEU,Allemagne,Europe,2021-01-19,872.571
DEU,Allemagne,Europe,2021-01-20,844.857
DEU,Allemagne,Europe,2021-01-21,809.857
DEU,Allemagne,Europe,2021-01-22,858.286
DEU,Allemagne,Europe,2021-01-23,772.714
DEU,Allemagne,Europe,2021-01-24,770.714
DEU,Allemagne,Europe,2021-01-25,837.714
DEU,Allemagne,Europe,2021-01-26,660.286
DEU,Allemagne,Europe,2021-01-27,641.143
DEU,Allemagne,Europe,2021-01-28,715.286
DEU,Allemagne,Europe,2021-01-29,653.286
DEU,Allemagne,Europe,2021-01-30,747.429
DEU,Allemagne,Europe,2021-01-31,695.286
DEU,Allemagne,Europe,2021-02-01,704.571
DEU,Allemagne,Europe,2021-02-02,767.571
DEU,Allemagne,Europe,2021-02-03,754.0
DEU,Allemagne,Europe,2021-02-04,678.714
DEU,Allemagne,Europe,2021-02-05,719.714
DEU,Allemagne,Europe,2021-02-06,635.143
DEU,Allemagne,Europe,2021-02-07,649.286
DEU,Allemagne,Europe,2021-02-08,590.286
DEU,Allemagne,Europe,2021-02-09,573.429
DEU,Allemagne,Europe,2021-02-10,556.571
DEU,Allemagne,Europe,2021-02-11,512.857
DEU,Allemagne,Europe,2021-02-12,492.429
DEU,Allemagne,Europe,2021-02-13,491.286
DEU,Allemagne,Europe,2021-02-14,485.571
DEU,Allemagne,Europe,2021-02-15,442.429
DEU,Allemagne,Europe,2021-02-16,403.286
DEU,Allemagne,Europe,2021-02-17,437.143
DEU,Allemagne,Europe,2021-02-18,431.571
DEU,Allemagne,Europe,2021-02-19,424.286
DEU,Allemagne,Europe,2021-02-20,413.286
DEU,Allemagne,Europe,2021-02-21,405.571
DEU,Allemagne,Europe,2021-02-22,439.286
DEU,Allemagne,Europe,2021-02-23,422.286
DEU,Allemagne,Europe,2021-02-24,348.286
DEU,Allemagne,Europe,2021-02-25,299.714
DEU,Allemagne,Europe,2021-02-26,314.0
DEU,Allemagne,Europe,2021-02-27,315.571
DEU,Allemagne,Europe,2021-02-28,315.143
DEU,Allemagne,Europe,2021-03-01,307.286
DEU,Allemagne,Europe,2021-03-02,305.857
DEU,Allemagne,Europe,2021-03-03,302.143
DEU,Allemagne,Europe,2021-03-04,315.857
DEU,Allemagne,Europe,2021-03-05,273.286
DEU,Allemagne,Europe,2021-03-06,265.571
DEU,Allemagne,Europe,2021-03-07,261.714
DEU,Allemagne,Europe,2021-03-08,246.0
DEU,Allemagne,Europe,2021-03-09,229.714
DEU,Allemagne,Europe,2021-03-10,224.714
DEU,Allemagne,Europe,2021-03-11,223.714
DEU,Allemagne,Europe,2021-03-12,213.714
DEU,Allemagne,Europe,2021-03-13,202.571
DEU,Allemagne,Europe,2021-03-14,211.286
DEU,Allemagne,Europe,2021-03-15,209.286
DEU,Allemagne,Europe,2021-03-16,202.571
DEU,Allemagne,Europe,2021-03-17,169.286
DEU,Allemagne,Europe,2021-03-18,183.143
DEU,Allemagne,Europe,2021-03-19,180.0
DEU,Allemagne,Europe,2021-03-20,191.0
DEU,Allemagne,Europe,2021-03-21,184.714
DEU,Allemagne,Europe,2021-03-22,186.857
DEU,Allemagne,Europe,2021-03-23,186.143
DEU,Allemagne,Europe,2021-03-24,205.857
DEU,Allemagne,Europe,2021-03-25,181.0
DEU,Allemagne,Europe,2021-03-26,174.286
DEU,Allemagne,Europe,2021-03-27,172.714
DEU,Allemagne,Europe,2021-03-28,171.857
DEU,Allemagne,Europe,2021-03-29,161.429
DEU,Allemagne,Europe,2021-03-30,162.0
DEU,Allemagne,Europe,2021-03-31,157.857
DEU,Allemagne,Europe,2021-04-01,164.857
DEU,Allemagne,Europe,2021-04-02,158.857
DEU,Allemagne,Europe,2021-04-03,156.429
DEU,Allemagne,Europe,2021-04-04,157.286
DEU,Allemagne,Europe,2021-04-05,142.429
DEU,Allemagne,Europe,2021-04-06,122.286
DEU,Allemagne,Europe,2021-04-07,166.571
DEU,Allemagne,Europe,2021-04-08,175.143
DEU,Allemagne,Europe,2021-04-09,193.571
DEU,Allemagne,Europe,2021-04-10,198.857
DEU,Allemagne,Europe,2021-04-11,205.714
DEU,Allemagne,Europe,2021-04-12,237.143
DEU,Allemagne,Europe,2021-04-13,270.286
DEU,Allemagne,Europe,2021-04-14,238.857
DEU,Allemagne,Europe,2021-04-15,231.857
DEU,Allemagne,Europe,2021-04-16,228.429
DEU,Allemagne,Europe,2021-04-17,224.143
DEU,Allemagne,Europe,2021-04-18,221.714
DEU,Allemagne,Europe,2021-04-19,222.429
DEU,Allemagne,Europe,2021-04-20,220.429
DEU,Allemagne,Europe,2021-04-21,215.857
DEU,Allemagne,Europe,2021-04-22,218.714
DEU,Allemagne,Europe,2021-04-23,228.286
DEU,Allemagne,Europe,2021-04-24,234.143
DEU,Allemagne,Europe,2021-04-25,231.286
DEU,Allemagne,Europe,2021-04-26,236.571
DEU,Allemagne,Europe,2021-04-27,235.0
DEU,Allemagne,Europe,2021-04-28,235.714
DEU,Allemagne,Europe,2021-04-29,237.429
DEU,Allemagne,Europe,2021-04-30,229.286
DEU,Allemagne,Europe,2021-05-01,228.143
DEU,Allemagne,Europe,2021-05-02,231.571
DEU,Allemagne,Europe,2021-05-03,228.0
DEU,Allemagne,Europe,2021-05-04,223.571
DEU,Allemagne,Europe,2021-05-05,221.857
DEU,Allemagne,Europe,2021-05-06,222.857
DEU,Allemagne,Europe,2021-05-07,223.143
DEU,Allemagne,Europe,2021-05-08,226.0
DEU,Allemagne,Europe,2021-05-09,221.714
DEU,Allemagne,Europe,2021-05-10,216.143
DEU,Allemagne,Europe,2021-05-11,213.571
DEU,Allemagne,Europe,2021-05-12,187.143
DEU,Allemagne,Europe,2021-05-13,204.0
DEU,Allemagne,Europe,2021-05-14,195.857
DEU,Allemagne,Europe,2021-05-15,187.286
DEU,Allemagne,Europe,2021-05-16,188.857
DEU,Allemagne,Europe,2021-05-17,181.143
DEU,Allemagne,Europe,2021-05-18,183.714
DEU,Allemagne,Europe,2021-05-19,208.143
DEU,Allemagne,Europe,2021-05-20,183.143
DEU,Allemagne,Europe,2021-05-21,181.857
DEU,Allemagne,Europe,2021-05-22,183.571
DEU,Allemagne,Europe,2021-05-23,180.429
DEU,Allemagne,Europe,2021-05-24,153.571
DEU,Allemagne,Europe,2021-05-25,151.714
DEU,Allemagne,Europe,2021-05-26,156.0
DEU,Allemagne,Europe,2021-05-27,151.0
DEU,Allemagne,Europe,2021-05-28,151.0
DEU,Allemagne,Europe,2021-05-29,146.857
DEU,Allemagne,Europe,2021-05-30,143.143
DEU,Allemagne,Europe,2021-05-31,162.857
DEU,Allemagne,Europe,2021-06-01,149.714
DEU,Allemagne,Europe,2021-06-02,135.0
DEU,Allemagne,Europe,2021-06-03,119.857
DEU,Allemagne,Europe,2021-06-04,113.143
DEU,Allemagne,Europe,2021-06-05,116.429
DEU,Allemagne,Europe,2021-06-06,116.857
DEU,Allemagne,Europe,2021-06-07,112.714
DEU,Allemagne,Europe,2021-06-08,102.286
DEU,Allemagne,Europe,2021-06-09,92.429
DEU,Allemagne,Europe,2021-06-10,94.571
DEU,Allemagne,Europe,2021-06-11,95.571
DEU,Allemagne,Europe,2021-06-12,87.571
DEU,Allemagne,Europe,2021-06-13,85.714
DEU,Allemagne,Europe,2021-06-14,79.143
DEU,Allemagne,Europe,2021-06-15,83.143
DEU,Allemagne,Europe,2021-06-16,84.714
DEU,Allemagne,Europe,2021-06-17,83.429
DEU,Allemagne,Europe,2021-06-18,79.0
DEU,Allemagne,Europe,2021-06-19,78.429
DEU,Allemagne,Europe,2021-06-20,78.714
DEU,Allemagne,Europe,2021-06-21,76.143
DEU,Allemagne,Europe,2021-06-22,67.714
DEU,Allemagne,Europe,2021-06-23,62.143
DEU,Allemagne,Europe,2021-06-24,58.286
DEU,Allemagne,Europe,2021-06-25,54.0
DEU,Allemagne,Europe,2021-06-26,53.0
DEU,Allemagne,Europe,2021-06-27,52.571
DEU,Allemagne,Europe,2021-06-28,49.857
DEU,Allemagne,Europe,2021-06-29,47.143
DEU,Allemagne,Europe,2021-06-30,46.429
DEU,Allemagne,Europe,2021-07-01,47.0
DEU,Allemagne,Europe,2021-07-02,40.0
DEU,Allemagne,Europe,2021-07-03,39.857
DEU,Allemagne,Europe,2021-07-04,38.714
DEU,Allemagne,Europe,2021-07-05,34.571
ITA,Italie,Europe,2020-02-05,0.0
ITA,Italie,Europe,2020-02-06,0.0
ITA,Italie,Europe,2020-02-07,0.0
ITA,Italie,Europe,2020-02-08,0.0
ITA,Italie,Europe,2020-02-09,0.0
ITA,Italie,Europe,2020-02-10,0.0
ITA,Italie,Europe,2020-02-11,0.0
ITA,Italie,Europe,2020-02-12,0.0
ITA,Italie,Europe,2020-02-13,0.0
ITA,Italie,Europe,2020-02-14,0.0
ITA,Italie,Europe,2020-02-15,0.0
ITA,Italie,Europe,2020-02-16,0.0
ITA,Italie,Europe,2020-02-17,0.0
ITA,Italie,Europe,2020-02-18,0.0
ITA,Italie,Europe,2020-02-19,0.0
ITA,Italie,Europe,2020-02-20,0.0
ITA,Italie,Europe,2020-02-21,0.143
ITA,Italie,Europe,2020-02-22,0.286
ITA,Italie,Europe,2020-02-23,0.429
ITA,Italie,Europe,2020-02-24,1.0
ITA,Italie,Europe,2020-02-25,1.429
ITA,Italie,Europe,2020-02-26,1.714
ITA,Italie,Europe,2020-02-27,2.429
ITA,Italie,Europe,2020-02-28,2.857
ITA,Italie,Europe,2020-02-29,3.857
ITA,Italie,Europe,2020-03-01,4.429
ITA,Italie,Europe,2020-03-02,6.429
ITA,Italie,Europe,2020-03-03,9.857
ITA,Italie,Europe,2020-03-04,13.571
ITA,Italie,Europe,2020-03-05,18.714
ITA,Italie,Europe,2020-03-06,25.143
ITA,Italie,Europe,2020-03-07,29.143
ITA,Italie,Europe,2020-03-08,47.429
ITA,Italie,Europe,2020-03-09,58.714
ITA,Italie,Europe,2020-03-10,78.857
ITA,Italie,Europe,2020-03-11,102.857
ITA,Italie,Europe,2020-03-12,124.0
ITA,Italie,Europe,2020-03-13,152.714
ITA,Italie,Europe,2020-03-14,172.571
ITA,Italie,Europe,2020-03-15,206.143
ITA,Italie,Europe,2020-03-16,242.143
ITA,Italie,Europe,2020-03-17,267.429
ITA,Italie,Europe,2020-03-18,307.286
ITA,Italie,Europe,2020-03-19,341.286
ITA,Italie,Europe,2020-03-20,395.143
ITA,Italie,Europe,2020-03-21,483.429
ITA,Italie,Europe,2020-03-22,523.857
ITA,Italie,Europe,2020-03-23,559.857
ITA,Italie,Europe,2020-03-24,616.714
ITA,Italie,Europe,2020-03-25,646.429
ITA,Italie,Europe,2020-03-26,687.143
ITA,Italie,Europe,2020-03-27,728.857
ITA,Italie,Europe,2020-03-28,742.571
ITA,Italie,Europe,2020-03-29,757.571
ITA,Italie,Europe,2020-03-30,787.714
ITA,Italie,Europe,2020-03-31,801.143
ITA,Italie,Europe,2020-04-01,807.429
ITA,Italie,Europe,2020-04-02,814.286
ITA,Italie,Europe,2020-04-03,792.429
ITA,Italie,Europe,2020-04-04,762.714
ITA,Italie,Europe,2020-04-05,729.714
ITA,Italie,Europe,2020-04-06,704.571
ITA,Italie,Europe,2020-04-07,671.286
ITA,Italie,Europe,2020-04-08,644.857
ITA,Italie,Europe,2020-04-09,623.429
ITA,Italie,Europe,2020-04-10,595.429
ITA,Italie,Europe,2020-04-11,586.571
ITA,Italie,Europe,2020-04-12,573.143
ITA,Italie,Europe,2020-04-13,563.143
ITA,Italie,Europe,2020-04-14,562.857
ITA,Italie,Europe,2020-04-15,568.0
ITA,Italie,Europe,2020-04-16,555.857
ITA,Italie,Europe,2020-04-17,556.571
ITA,Italie,Europe,2020-04-18,537.0
ITA,Italie,Europe,2020-04-19,537.286
ITA,Italie,Europe,2020-04-20,521.286
ITA,Italie,Europe,2020-04-21,511.571
ITA,Italie,Europe,2020-04-22,491.429
ITA,Italie,Europe,2020-04-23,482.714
ITA,Italie,Europe,2020-04-24,460.571
ITA,Italie,Europe,2020-04-25,451.0
ITA,Italie,Europe,2020-04-26,426.286
ITA,Italie,Europe,2020-04-27,409.0
ITA,Italie,Europe,2020-04-28,387.286
ITA,Italie,Europe,2020-04-29,371.0
ITA,Italie,Europe,2020-04-30,345.429
ITA,Italie,Europe,2020-05-01,323.857
ITA,Italie,Europe,2020-05-02,332.286
ITA,Italie,Europe,2020-05-03,320.0
ITA,Italie,Europe,2020-05-04,300.286
ITA,Italie,Europe,2020-05-05,279.429
ITA,Italie,Europe,2020-05-06,286.0
ITA,Italie,Europe,2020-05-07,284.429
ITA,Italie,Europe,2020-05-08,280.714
ITA,Italie,Europe,2020-05-09,240.714
ITA,Italie,Europe,2020-05-10,239.429
ITA,Italie,Europe,2020-05-11,237.143
ITA,Italie,Europe,2020-05-12,228.0
ITA,Italie,Europe,2020-05-13,203.143
ITA,Italie,Europe,2020-05-14,201.429
ITA,Italie,Europe,2020-05-15,201.286
ITA,Italie,Europe,2020-05-16,195.429
ITA,Italie,Europe,2020-05-17,192.571
ITA,Italie,Europe,2020-05-18,181.143
ITA,Italie,Europe,2020-05-19,179.714
ITA,Italie,Europe,2020-05-20,174.857
ITA,Italie,Europe,2020-05-21,159.714
ITA,Italie,Europe,2020-05-22,143.714
ITA,Italie,Europe,2020-05-23,138.857
ITA,Italie,Europe,2020-05-24,125.286
ITA,Italie,Europe,2020-05-25,124.286
ITA,Italie,Europe,2020-05-26,112.286
ITA,Italie,Europe,2020-05-27,106.0
ITA,Italie,Europe,2020-05-28,93.714
ITA,Italie,Europe,2020-05-29,87.571
ITA,Italie,Europe,2020-05-30,86.429
ITA,Italie,Europe,2020-05-31,90.0
ITA,Italie,Europe,2020-06-01,85.429
ITA,Italie,Europe,2020-06-02,82.143
ITA,Italie,Europe,2020-06-03,75.571
ITA,Italie,Europe,2020-06-04,78.143
ITA,Italie,Europe,2020-06-05,77.857
ITA,Italie,Europe,2020-06-06,72.286
ITA,Italie,Europe,2020-06-07,69.143
ITA,Italie,Europe,2020-06-08,69.857
ITA,Italie,Europe,2020-06-09,73.286
ITA,Italie,Europe,2020-06-10,73.286
ITA,Italie,Europe,2020-06-11,68.286
ITA,Italie,Europe,2020-06-12,64.143
ITA,Italie,Europe,2020-06-13,65.0
ITA,Italie,Europe,2020-06-14,63.714
ITA,Italie,Europe,2020-06-15,58.143
ITA,Italie,Europe,2020-06-16,51.714
ITA,Italie,Europe,2020-06-17,47.714
ITA,Italie,Europe,2020-06-18,49.571
ITA,Italie,Europe,2020-06-19,48.286
ITA,Italie,Europe,2020-06-20,44.143
ITA,Italie,Europe,2020-06-21,41.286
ITA,Italie,Europe,2020-06-22,40.857
ITA,Italie,Europe,2020-06-23,38.571
ITA,Italie,Europe,2020-06-24,28.0
ITA,Italie,Europe,2020-06-25,23.429
ITA,Italie,Europe,2020-06-26,21.0
ITA,Italie,Europe,2020-06-27,15.143
ITA,Italie,Europe,2020-06-28,14.857
ITA,Italie,Europe,2020-06-29,12.429
ITA,Italie,Europe,2020-06-30,13.143
ITA,Italie,Europe,2020-07-01,20.571
ITA,Italie,Europe,2020-07-02,20.0
ITA,Italie,Europe,2020-07-03,17.857
ITA,Italie,Europe,2020-07-04,19.714
ITA,Italie,Europe,2020-07-05,17.571
ITA,Italie,Europe,2020-07-06,17.857
ITA,Italie,Europe,2020-07-07,18.857
ITA,Italie,Europe,2020-07-08,18.0
ITA,Italie,Europe,2020-07-09,15.429
ITA,Italie,Europe,2020-07-10,15.0
ITA,Italie,Europe,2020-07-11,13.0
ITA,Italie,Europe,2020-07-12,13.286
ITA,Italie,Europe,2020-07-13,14.0
ITA,Italie,Europe,2020-07-14,12.143
ITA,Italie,Europe,2020-07-15,11.857
ITA,Italie,Europe,2020-07-16,13.0
ITA,Italie,Europe,2020-07-17,12.857
ITA,Italie,Europe,2020-07-18,13.857
ITA,Italie,Europe,2020-07-19,13.0
ITA,Italie,Europe,2020-07-20,13.0
ITA,Italie,Europe,2020-07-21,12.714
ITA,Italie,Europe,2020-07-22,12.143
ITA,Italie,Europe,2020-07-23,10.714
ITA,Italie,Europe,2020-07-24,9.857
ITA,Italie,Europe,2020-07-25,8.571
ITA,Italie,Europe,2020-07-26,8.857
ITA,Italie,Europe,2020-07-27,7.714
ITA,Italie,Europe,2020-07-28,7.143
ITA,Italie,Europe,2020-07-29,6.714
ITA,Italie,Europe,2020-07-30,5.714
ITA,Italie,Europe,2020-07-31,6.286
ITA,Italie,Europe,2020-08-01,6.286
ITA,Italie,Europe,2020-08-02,6.714
ITA,Italie,Europe,2020-08-03,7.714
ITA,Italie,Europe,2020-08-04,6.857
ITA,Italie,Europe,2020-08-05,7.429
ITA,Italie,Europe,2020-08-06,7.857
ITA,Italie,Europe,2020-08-07,7.0
ITA,Italie,Europe,2020-08-08,8.143
ITA,Italie,Europe,2020-08-09,7.286
ITA,Italie,Europe,2020-08-10,6.143
ITA,Italie,Europe,2020-08-11,6.286
ITA,Italie,Europe,2020-08-12,6.286
ITA,Italie,Europe,2020-08-13,6.286
ITA,Italie,Europe,2020-08-14,6.286
ITA,Italie,Europe,2020-08-15,27.0
ITA,Italie,Europe,2020-08-16,27.286
ITA,Italie,Europe,2020-08-17,27.286
ITA,Italie,Europe,2020-08-18,27.143
ITA,Italie,Europe,2020-08-19,26.714
ITA,Italie,Europe,2020-08-20,26.714
ITA,Italie,Europe,2020-08-21,27.571
ITA,Italie,Europe,2020-08-22,5.429
ITA,Italie,Europe,2020-08-23,5.857
ITA,Italie,Europe,2020-08-24,5.857
ITA,Italie,Europe,2020-08-25,5.714
ITA,Italie,Europe,2020-08-26,6.571
ITA,Italie,Europe,2020-08-27,6.429
ITA,Italie,Europe,2020-08-28,6.429
ITA,Italie,Europe,2020-08-29,6.143
ITA,Italie,Europe,2020-08-30,5.714
ITA,Italie,Europe,2020-08-31,6.0
ITA,Italie,Europe,2020-09-01,6.571
ITA,Italie,Europe,2020-09-02,5.571
ITA,Italie,Europe,2020-09-03,6.286
ITA,Italie,Europe,2020-09-04,6.571
ITA,Italie,Europe,2020-09-05,8.714
ITA,Italie,Europe,2020-09-06,9.143
ITA,Italie,Europe,2020-09-07,10.0
ITA,Italie,Europe,2020-09-08,10.286
ITA,Italie,Europe,2020-09-09,11.429
ITA,Italie,Europe,2020-09-10,11.429
ITA,Italie,Europe,2020-09-11,11.286
ITA,Italie,Europe,2020-09-12,9.857
ITA,Italie,Europe,2020-09-13,9.857
ITA,Italie,Europe,2020-09-14,10.143
ITA,Italie,Europe,2020-09-15,10.0
ITA,Italie,Europe,2020-09-16,9.714
ITA,Italie,Europe,2020-09-17,10.143
ITA,Italie,Europe,2020-09-18,10.143
ITA,Italie,Europe,2020-09-19,12.714
ITA,Italie,Europe,2020-09-20,13.857
ITA,Italie,Europe,2020-09-21,14.286
ITA,Italie,Europe,2020-09-22,15.0
ITA,Italie,Europe,2020-09-23,16.143
ITA,Italie,Europe,2020-09-24,17.571
ITA,Italie,Europe,2020-09-25,19.0
ITA,Italie,Europe,2020-09-26,18.0
ITA,Italie,Europe,2020-09-27,18.286
ITA,Italie,Europe,2020-09-28,18.143
ITA,Italie,Europe,2020-09-29,19.571
ITA,Italie,Europe,2020-09-30,19.429
ITA,Italie,Europe,2020-10-01,19.571
ITA,Italie,Europe,2020-10-02,20.0
ITA,Italie,Europe,2020-10-03,21.429
ITA,Italie,Europe,2020-10-04,21.571
ITA,Italie,Europe,2020-10-05,21.571
ITA,Italie,Europe,2020-10-06,22.143
ITA,Italie,Europe,2020-10-07,23.857
ITA,Italie,Europe,2020-10-08,23.571
ITA,Italie,Europe,2020-10-09,24.286
ITA,Italie,Europe,2020-10-10,24.571
ITA,Italie,Europe,2020-10-11,25.714
ITA,Italie,Europe,2020-10-12,29.0
ITA,Italie,Europe,2020-10-13,30.857
ITA,Italie,Europe,2020-10-14,32.571
ITA,Italie,Europe,2020-10-15,41.286
ITA,Italie,Europe,2020-10-16,45.143
ITA,Italie,Europe,2020-10-17,47.714
ITA,Italie,Europe,2020-10-18,53.857
ITA,Italie,Europe,2020-10-19,58.714
ITA,Italie,Europe,2020-10-20,65.571
ITA,Italie,Europe,2020-10-21,77.571
ITA,Italie,Europe,2020-10-22,85.143
ITA,Italie,Europe,2020-10-23,90.286
ITA,Italie,Europe,2020-10-24,105.143
ITA,Italie,Europe,2020-10-25,113.571
ITA,Italie,Europe,2020-10-26,123.286
ITA,Italie,Europe,2020-10-27,142.143
ITA,Italie,Europe,2020-10-28,153.286
ITA,Italie,Europe,2020-10-29,164.857
ITA,Italie,Europe,2020-10-30,180.286
ITA,Italie,Europe,2020-10-31,201.143
ITA,Italie,Europe,2020-11-01,212.571
ITA,Italie,Europe,2020-11-02,225.714
ITA,Italie,Europe,2020-11-03,244.571
ITA,Italie,Europe,2020-11-04,265.571
ITA,Italie,Europe,2020-11-05,295.714
ITA,Italie,Europe,2020-11-06,331.0
ITA,Italie,Europe,2020-11-07,349.286
ITA,Italie,Europe,2020-11-08,366.857
ITA,Italie,Europe,2020-11-09,384.429
ITA,Italie,Europe,2020-11-10,416.857
ITA,Italie,Europe,2020-11-11,455.571
ITA,Italie,Europe,2020-11-12,485.286
ITA,Italie,Europe,2020-11-13,500.143
ITA,Italie,Europe,2020-11-14,517.143
ITA,Italie,Europe,2020-11-15,547.857
ITA,Italie,Europe,2020-11-16,569.0
ITA,Italie,Europe,2020-11-17,590.571
ITA,Italie,Europe,2020-11-18,609.143
ITA,Italie,Europe,2020-11-19,611.571
ITA,Italie,Europe,2020-11-20,632.857
ITA,Italie,Europe,2020-11-21,654.0
ITA,Italie,Europe,2020-11-22,656.286
ITA,Italie,Europe,2020-11-23,674.286
ITA,Italie,Europe,2020-11-24,691.714
ITA,Italie,Europe,2020-11-25,687.286
ITA,Italie,Europe,2020-11-26,711.429
ITA,Italie,Europe,2020-11-27,729.714
ITA,Italie,Europe,2020-11-28,728.857
ITA,Italie,Europe,2020-11-29,725.857
ITA,Italie,Europe,2020-11-30,731.857
ITA,Italie,Europe,2020-12-01,722.143
ITA,Italie,Europe,2020-12-02,716.714
ITA,Italie,Europe,2020-12-03,741.143
ITA,Italie,Europe,2020-12-04,739.286
ITA,Italie,Europe,2020-12-05,735.857
ITA,Italie,Europe,2020-12-06,739.143
ITA,Italie,Europe,2020-12-07,718.571
ITA,Italie,Europe,2020-12-08,697.0
ITA,Italie,Europe,2020-12-09,670.571
ITA,Italie,Europe,2020-12-10,655.429
ITA,Italie,Europe,2020-12-11,647.857
ITA,Italie,Europe,2020-12-12,646.0
ITA,Italie,Europe,2020-12-13,634.571
ITA,Italie,Europe,2020-12-14,629.286
ITA,Italie,Europe,2020-12-15,659.571
ITA,Italie,Europe,2020-12-16,685.429
ITA,Italie,Europe,2020-12-17,656.286
ITA,Italie,Europe,2020-12-18,643.857
ITA,Italie,Europe,2020-12-19,630.143
ITA,Italie,Europe,2020-12-20,611.286
ITA,Italie,Europe,2020-12-21,600.429
ITA,Italie,Europe,2020-12-22,569.286
ITA,Italie,Europe,2020-12-23,551.143
ITA,Italie,Europe,2020-12-24,525.714
ITA,Italie,Europe,2020-12-25,495.0
ITA,Italie,Europe,2020-12-26,453.286
ITA,Italie,Europe,2020-12-27,446.571
ITA,Italie,Europe,2020-12-28,450.857
ITA,Italie,Europe,2020-12-29,455.286
ITA,Italie,Europe,2020-12-30,458.429
ITA,Italie,Europe,2020-12-31,465.571
ITA,Italie,Europe,2021-01-01,466.0
ITA,Italie,Europe,2021-01-02,480.714
ITA,Italie,Europe,2021-01-03,486.714
ITA,Italie,Europe,2021-01-04,472.857
ITA,Italie,Europe,2021-01-05,471.429
ITA,Italie,Europe,2021-01-06,467.571
ITA,Italie,Europe,2021-01-07,447.429
ITA,Italie,Europe,2021-01-08,470.0
ITA,Italie,Europe,2021-01-09,487.0
ITA,Italie,Europe,2021-01-10,489.0
ITA,Italie,Europe,2021-01-11,503.286
ITA,Italie,Europe,2021-01-12,498.571
ITA,Italie,Europe,2021-01-13,492.714
ITA,Italie,Europe,2021-01-14,508.143
ITA,Italie,Europe,2021-01-15,487.714
ITA,Italie,Europe,2021-01-16,486.571
ITA,Italie,Europe,2021-01-17,488.857
ITA,Italie,Europe,2021-01-18,478.714
ITA,Italie,Europe,2021-01-19,476.857
ITA,Italie,Europe,2021-01-20,479.286
ITA,Italie,Europe,2021-01-21,479.143
ITA,Italie,Europe,2021-01-22,478.429
ITA,Italie,Europe,2021-01-23,480.286
ITA,Italie,Europe,2021-01-24,469.143
ITA,Italie,Europe,2021-01-25,475.286
ITA,Italie,Europe,2021-01-26,466.429
ITA,Italie,Europe,2021-01-27,458.286
ITA,Italie,Europe,2021-01-28,454.143
ITA,Italie,Europe,2021-01-29,454.857
ITA,Italie,Europe,2021-01-30,445.286
ITA,Italie,Europe,2021-01-31,436.429
ITA,Italie,Europe,2021-02-01,423.429
ITA,Italie,Europe,2021-02-02,417.429
ITA,Italie,Europe,2021-02-03,418.714
ITA,Italie,Europe,2021-02-04,408.571
ITA,Italie,Europe,2021-02-05,394.286
ITA,Italie,Europe,2021-02-06,389.143
ITA,Italie,Europe,2021-02-07,393.857
ITA,Italie,Europe,2021-02-08,390.714
ITA,Italie,Europe,2021-02-09,379.714
ITA,Italie,Europe,2021-02-10,359.714
ITA,Italie,Europe,2021-02-11,355.429
ITA,Italie,Europe,2021-02-12,346.714
ITA,Italie,Europe,2021-02-13,336.143
ITA,Italie,Europe,2021-02-14,329.143
ITA,Italie,Europe,2021-02-15,322.143
ITA,Italie,Europe,2021-02-16,309.857
ITA,Italie,Europe,2021-02-17,314.571
ITA,Italie,Europe,2021-02-18,308.286
ITA,Italie,Europe,2021-02-19,312.857
ITA,Italie,Europe,2021-02-20,304.286
ITA,Italie,Europe,2021-02-21,305.857
ITA,Italie,Europe,2021-02-22,308.143
ITA,Italie,Europe,2021-02-23,311.0
ITA,Italie,Europe,2021-02-24,303.714
ITA,Italie,Europe,2021-02-25,298.143
ITA,Italie,Europe,2021-02-26,284.571
ITA,Italie,Europe,2021-02-27,288.714
ITA,Italie,Europe,2021-02-28,283.0
ITA,Italie,Europe,2021-03-01,279.0
ITA,Italie,Europe,2021-03-02,277.143
ITA,Italie,Europe,2021-03-03,281.286
ITA,Italie,Europe,2021-03-04,285.714
ITA,Italie,Europe,2021-03-05,292.0
ITA,Italie,Europe,2021-03-06,295.857
ITA,Italie,Europe,2021-03-07,298.0
ITA,Italie,Europe,2021-03-08,308.286
ITA,Italie,Europe,2021-03-09,313.0
ITA,Italie,Europe,2021-03-10,310.857
ITA,Italie,Europe,2021-03-11,315.714
ITA,Italie,Europe,2021-03-12,327.571
ITA,Italie,Europe,2021-03-13,329.0
ITA,Italie,Europe,2021-03-14,337.143
ITA,Italie,Europe,2021-03-15,342.286
ITA,Italie,Europe,2021-03-16,360.286
ITA,Italie,Europe,2021-03-17,374.429
ITA,Italie,Europe,2021-03-18,381.571
ITA,Italie,Europe,2021-03-19,382.429
ITA,Italie,Europe,2021-03-20,394.429
ITA,Italie,Europe,2021-03-21,399.571
ITA,Italie,Europe,2021-03-22,404.143
ITA,Italie,Europe,2021-03-23,411.143
ITA,Italie,Europe,2021-03-24,415.286
ITA,Italie,Europe,2021-03-25,420.571
ITA,Italie,Europe,2021-03-26,430.714
ITA,Italie,Europe,2021-03-27,427.714
ITA,Italie,Europe,2021-03-28,427.286
ITA,Italie,Europe,2021-03-29,431.714
ITA,Italie,Europe,2021-03-30,428.571
ITA,Italie,Europe,2021-03-31,429.571
ITA,Italie,Europe,2021-04-01,435.429
ITA,Italie,Europe,2021-04-02,438.857
ITA,Italie,Europe,2021-04-03,438.286
ITA,Italie,Europe,2021-04-04,442.429
ITA,Italie,Europe,2021-04-05,425.143
ITA,Italie,Europe,2021-04-06,409.714
ITA,Italie,Europe,2021-04-07,432.571
ITA,Italie,Europe,2021-04-08,430.571
ITA,Italie,Europe,2021-04-09,464.429
ITA,Italie,Europe,2021-04-10,459.857
ITA,Italie,Europe,2021-04-11,460.571
ITA,Italie,Europe,2021-04-12,469.429
ITA,Italie,Europe,2021-04-13,477.286
ITA,Italie,Europe,2021-04-14,454.714
ITA,Italie,Europe,2021-04-15,439.429
ITA,Italie,Europe,2021-04-16,398.143
ITA,Italie,Europe,2021-04-17,393.286
ITA,Italie,Europe,2021-04-18,381.857
ITA,Italie,Europe,2021-04-19,375.857
ITA,Italie,Europe,2021-04-20,363.571
ITA,Italie,Europe,2021-04-21,348.571
ITA,Italie,Europe,2021-04-22,345.714
ITA,Italie,Europe,2021-04-23,333.286
ITA,Italie,Europe,2021-04-24,335.0
ITA,Italie,Europe,2021-04-25,330.143
ITA,Italie,Europe,2021-04-26,328.0
ITA,Italie,Europe,2021-04-27,325.571
ITA,Italie,Europe,2021-04-28,322.714
ITA,Italie,Europe,2021-04-29,312.429
ITA,Italie,Europe,2021-04-30,301.143
ITA,Italie,Europe,2021-05-01,287.429
ITA,Italie,Europe,2021-05-02,277.0
ITA,Italie,Europe,2021-05-03,270.571
ITA,Italie,Europe,2021-05-04,260.857
ITA,Italie,Europe,2021-05-05,249.857
ITA,Italie,Europe,2021-05-06,245.571
ITA,Italie,Europe,2021-05-07,237.571
ITA,Italie,Europe,2021-05-08,237.286
ITA,Italie,Europe,2021-05-09,236.571
ITA,Italie,Europe,2021-05-10,228.286
ITA,Italie,Europe,2021-05-11,220.571
ITA,Italie,Europe,2021-05-12,219.857
ITA,Italie,Europe,2021-05-13,211.714
ITA,Italie,Europe,2021-05-14,208.143
ITA,Italie,Europe,2021-05-15,195.571
ITA,Italie,Europe,2021-05-16,189.0
ITA,Italie,Europe,2021-05-17,180.714
ITA,Italie,Europe,2021-05-18,173.571
ITA,Italie,Europe,2021-05-19,157.429
ITA,Italie,Europe,2021-05-20,152.143
ITA,Italie,Europe,2021-05-21,157.286
ITA,Italie,Europe,2021-05-22,155.714
ITA,Italie,Europe,2021-05-23,152.714
ITA,Italie,Europe,2021-05-24,148.429
ITA,Italie,Europe,2021-05-25,143.429
ITA,Italie,Europe,2021-05-26,139.429
ITA,Italie,Europe,2021-05-27,140.429
ITA,Italie,Europe,2021-05-28,127.286
ITA,Italie,Europe,2021-05-29,121.286
ITA,Italie,Europe,2021-05-30,117.286
ITA,Italie,Europe,2021-05-31,113.286
ITA,Italie,Europe,2021-06-01,102.857
ITA,Italie,Europe,2021-06-02,94.429
ITA,Italie,Europe,2021-06-03,78.429
ITA,Italie,Europe,2021-06-04,70.857
ITA,Italie,Europe,2021-06-05,67.143
ITA,Italie,Europe,2021-06-06,68.143
ITA,Italie,Europe,2021-06-07,65.714
ITA,Italie,Europe,2021-06-08,67.0
ITA,Italie,Europe,2021-06-09,69.143
ITA,Italie,Europe,2021-06-10,73.286
ITA,Italie,Europe,2021-06-11,72.714
ITA,Italie,Europe,2021-06-12,72.0
ITA,Italie,Europe,2021-06-13,68.429
ITA,Italie,Europe,2021-06-14,64.286
ITA,Italie,Europe,2021-06-15,58.714
ITA,Italie,Europe,2021-06-16,55.143
ITA,Italie,Europe,2021-06-17,47.857
ITA,Italie,Europe,2021-06-18,43.0
ITA,Italie,Europe,2021-06-19,39.571
ITA,Italie,Europe,2021-06-20,38.286
ITA,Italie,Europe,2021-06-21,36.143
ITA,Italie,Europe,2021-06-22,31.571
ITA,Italie,Europe,2021-06-23,28.429
ITA,Italie,Europe,2021-06-24,24.571
ITA,Italie,Europe,2021-06-25,27.571
ITA,Italie,Europe,2021-06-26,29.286
ITA,Italie,Europe,2021-06-27,28.857
ITA,Italie,Europe,2021-06-28,29.857
ITA,Italie,Europe,2021-06-29,31.429
ITA,Italie,Europe,2021-06-30,30.571
ITA,Italie,Europe,2021-07-01,32.143
ITA,Italie,Europe,2021-07-02,28.143
ITA,Italie,Europe,2021-07-03,25.571
ITA,Italie,Europe,2021-07-04,25.286
ITA,Italie,Europe,2021-07-05,25.714
TUR,Turquie,Asia,2020-03-16,0.0
TUR,Turquie,Asia,2020-03-17,0.143
TUR,Turquie,Asia,2020-03-18,0.143
TUR,Turquie,Asia,2020-03-19,0.429
TUR,Turquie,Asia,2020-03-20,0.571
TUR,Turquie,Asia,2020-03-21,1.286
TUR,Turquie,Asia,2020-03-22,4.286
TUR,Turquie,Asia,2020-03-23,5.286
TUR,Turquie,Asia,2020-03-24,6.143
TUR,Turquie,Asia,2020-03-25,8.286
TUR,Turquie,Asia,2020-03-26,10.286
TUR,Turquie,Asia,2020-03-27,12.571
TUR,Turquie,Asia,2020-03-28,14.143
TUR,Turquie,Asia,2020-03-29,14.429
TUR,Turquie,Asia,2020-03-30,18.714
TUR,Turquie,Asia,2020-03-31,24.286
TUR,Turquie,Asia,2020-04-01,31.143
TUR,Turquie,Asia,2020-04-02,40.143
TUR,Turquie,Asia,2020-04-03,47.571
TUR,Turquie,Asia,2020-04-04,56.143
TUR,Turquie,Asia,2020-04-05,63.286
TUR,Turquie,Asia,2020-04-06,68.714
TUR,Turquie,Asia,2020-04-07,73.0
TUR,Turquie,Asia,2020-04-08,76.429
TUR,Turquie,Asia,2020-04-09,78.857
TUR,Turquie,Asia,2020-04-10,83.0
TUR,Turquie,Asia,2020-04-11,85.714
TUR,Turquie,Asia,2020-04-12,89.143
TUR,Turquie,Asia,2020-04-13,92.429
TUR,Turquie,Asia,2020-04-14,96.857
TUR,Turquie,Asia,2020-04-15,100.857
TUR,Turquie,Asia,2020-04-16,105.0
TUR,Turquie,Asia,2020-04-17,109.0
TUR,Turquie,Asia,2020-04-18,112.714
TUR,Turquie,Asia,2020-04-19,117.0
TUR,Turquie,Asia,2020-04-20,120.571
TUR,Turquie,Asia,2020-04-21,122.286
TUR,Turquie,Asia,2020-04-22,122.571
TUR,Turquie,Asia,2020-04-23,121.143
TUR,Turquie,Asia,2020-04-24,118.714
TUR,Turquie,Asia,2020-04-25,116.571
TUR,Turquie,Asia,2020-04-26,112.571
TUR,Turquie,Asia,2020-04-27,108.571
TUR,Turquie,Asia,2020-04-28,104.714
TUR,Turquie,Asia,2020-04-29,100.714
TUR,Turquie,Asia,2020-04-30,97.571
TUR,Turquie,Asia,2020-05-01,94.0
TUR,Turquie,Asia,2020-05-02,90.0
TUR,Turquie,Asia,2020-05-03,84.571
TUR,Turquie,Asia,2020-05-04,80.143
TUR,Turquie,Asia,2020-05-05,75.429
TUR,Turquie,Asia,2020-05-06,71.857
TUR,Turquie,Asia,2020-05-07,66.714
TUR,Turquie,Asia,2020-05-08,61.571
TUR,Turquie,Asia,2020-05-09,57.571
TUR,Turquie,Asia,2020-05-10,55.571
TUR,Turquie,Asia,2020-05-11,54.286
TUR,Turquie,Asia,2020-05-12,53.429
TUR,Turquie,Asia,2020-05-13,52.571
TUR,Turquie,Asia,2020-05-14,52.286
TUR,Turquie,Asia,2020-05-15,52.286
TUR,Turquie,Asia,2020-05-16,51.0
TUR,Turquie,Asia,2020-05-17,50.571
TUR,Turquie,Asia,2020-05-18,47.143
TUR,Turquie,Asia,2020-05-19,43.571
TUR,Turquie,Asia,2020-05-20,38.571
TUR,Turquie,Asia,2020-05-21,34.571
TUR,Turquie,Asia,2020-05-22,31.571
TUR,Turquie,Asia,2020-05-23,30.286
TUR,Turquie,Asia,2020-05-24,28.571
TUR,Turquie,Asia,2020-05-25,28.286
TUR,Turquie,Asia,2020-05-26,28.286
TUR,Turquie,Asia,2020-05-27,29.857
TUR,Turquie,Asia,2020-05-28,30.286
TUR,Turquie,Asia,2020-05-29,30.429
TUR,Turquie,Asia,2020-05-30,29.571
TUR,Turquie,Asia,2020-05-31,28.571
TUR,Turquie,Asia,2020-06-01,27.714
TUR,Turquie,Asia,2020-06-02,26.857
TUR,Turquie,Asia,2020-06-03,25.429
TUR,Turquie,Asia,2020-06-04,24.143
TUR,Turquie,Asia,2020-06-05,22.714
TUR,Turquie,Asia,2020-06-06,22.0
TUR,Turquie,Asia,2020-06-07,21.714
TUR,Turquie,Asia,2020-06-08,21.143
TUR,Turquie,Asia,2020-06-09,20.571
TUR,Turquie,Asia,2020-06-10,19.571
TUR,Turquie,Asia,2020-06-11,19.0
TUR,Turquie,Asia,2020-06-12,18.571
TUR,Turquie,Asia,2020-06-13,17.571
TUR,Turquie,Asia,2020-06-14,16.429
TUR,Turquie,Asia,2020-06-15,16.286
TUR,Turquie,Asia,2020-06-16,16.143
TUR,Turquie,Asia,2020-06-17,16.429
TUR,Turquie,Asia,2020-06-18,17.0
TUR,Turquie,Asia,2020-06-19,18.143
TUR,Turquie,Asia,2020-06-20,19.286
TUR,Turquie,Asia,2020-06-21,20.429
TUR,Turquie,Asia,2020-06-22,21.286
TUR,Turquie,Asia,2020-06-23,22.714
TUR,Turquie,Asia,2020-06-24,23.429
TUR,Turquie,Asia,2020-06-25,23.429
TUR,Turquie,Asia,2020-06-26,22.857
TUR,Turquie,Asia,2020-06-27,22.143
TUR,Turquie,Asia,2020-06-28,21.0
TUR,Turquie,Asia,2020-06-29,20.143
TUR,Turquie,Asia,2020-06-30,18.571
TUR,Turquie,Asia,2020-07-01,17.857
TUR,Turquie,Asia,2020-07-02,17.286
TUR,Turquie,Asia,2020-07-03,17.286
TUR,Turquie,Asia,2020-07-04,17.714
TUR,Turquie,Asia,2020-07-05,18.286
TUR,Turquie,Asia,2020-07-06,18.0
TUR,Turquie,Asia,2020-07-07,18.429
TUR,Turquie,Asia,2020-07-08,18.857
TUR,Turquie,Asia,2020-07-09,19.0
TUR,Turquie,Asia,2020-07-10,19.571
TUR,Turquie,Asia,2020-07-11,19.714
TUR,Turquie,Asia,2020-07-12,19.714
TUR,Turquie,Asia,2020-07-13,20.143
TUR,Turquie,Asia,2020-07-14,20.286
TUR,Turquie,Asia,2020-07-15,19.571
TUR,Turquie,Asia,2020-07-16,20.0
TUR,Turquie,Asia,2020-07-17,19.286
TUR,Turquie,Asia,2020-07-18,18.714
TUR,Turquie,Asia,2020-07-19,18.286
TUR,Turquie,Asia,2020-07-20,18.0
TUR,Turquie,Asia,2020-07-21,17.714
TUR,Turquie,Asia,2020-07-22,18.0
TUR,Turquie,Asia,2020-07-23,17.571
TUR,Turquie,Asia,2020-07-24,17.429
TUR,Turquie,Asia,2020-07-25,17.286
TUR,Turquie,Asia,2020-07-26,17.429
TUR,Turquie,Asia,2020-07-27,17.429
TUR,Turquie,Asia,2020-07-28,17.0
TUR,Turquie,Asia,2020-07-29,16.286
TUR,Turquie,Asia,2020-07-30,15.857
TUR,Turquie,Asia,2020-07-31,15.857
TUR,Turquie,Asia,2020-08-01,16.286
TUR,Turquie,Asia,2020-08-02,16.429
TUR,Turquie,Asia,2020-08-03,16.714
TUR,Turquie,Asia,2020-08-04,17.143
TUR,Turquie,Asia,2020-08-05,17.857
TUR,Turquie,Asia,2020-08-06,17.714
TUR,Turquie,Asia,2020-08-07,17.429
TUR,Turquie,Asia,2020-08-08,17.0
TUR,Turquie,Asia,2020-08-09,16.571
TUR,Turquie,Asia,2020-08-10,15.857
TUR,Turquie,Asia,2020-08-11,15.429
TUR,Turquie,Asia,2020-08-12,15.286
TUR,Turquie,Asia,2020-08-13,16.286
TUR,Turquie,Asia,2020-08-14,17.286
TUR,Turquie,Asia,2020-08-15,18.0
TUR,Turquie,Asia,2020-08-16,18.571
TUR,Turquie,Asia,2020-08-17,19.714
TUR,Turquie,Asia,2020-08-18,20.429
TUR,Turquie,Asia,2020-08-19,21.143
TUR,Turquie,Asia,2020-08-20,20.857
TUR,Turquie,Asia,2020-08-21,20.857
TUR,Turquie,Asia,2020-08-22,21.0
TUR,Turquie,Asia,2020-08-23,21.0
TUR,Turquie,Asia,2020-08-24,20.429
TUR,Turquie,Asia,2020-08-25,21.0
TUR,Turquie,Asia,2020-08-26,20.571
TUR,Turquie,Asia,2020-08-27,21.571
TUR,Turquie,Asia,2020-08-28,23.571
TUR,Turquie,Asia,2020-08-29,26.0
TUR,Turquie,Asia,2020-08-30,29.286
TUR,Turquie,Asia,2020-08-31,33.0
TUR,Turquie,Asia,2020-09-01,36.286
TUR,Turquie,Asia,2020-09-02,39.857
TUR,Turquie,Asia,2020-09-03,43.143
TUR,Turquie,Asia,2020-09-04,45.571
TUR,Turquie,Asia,2020-09-05,48.0
TUR,Turquie,Asia,2020-09-06,49.571
TUR,Turquie,Asia,2020-09-07,51.429
TUR,Turquie,Asia,2020-09-08,52.143
TUR,Turquie,Asia,2020-09-09,53.571
TUR,Turquie,Asia,2020-09-10,54.857
TUR,Turquie,Asia,2020-09-11,55.286
TUR,Turquie,Asia,2020-09-12,54.143
TUR,Turquie,Asia,2020-09-13,54.714
TUR,Turquie,Asia,2020-09-14,55.571
TUR,Turquie,Asia,2020-09-15,57.714
TUR,Turquie,Asia,2020-09-16,58.857
TUR,Turquie,Asia,2020-09-17,60.0
TUR,Turquie,Asia,2020-09-18,60.857
TUR,Turquie,Asia,2020-09-19,63.714
TUR,Turquie,Asia,2020-09-20,64.286
TUR,Turquie,Asia,2020-09-21,65.0
TUR,Turquie,Asia,2020-09-22,64.714
TUR,Turquie,Asia,2020-09-23,66.0
TUR,Turquie,Asia,2020-09-24,67.143
TUR,Turquie,Asia,2020-09-25,68.714
TUR,Turquie,Asia,2020-09-26,69.143
TUR,Turquie,Asia,2020-09-27,70.143
TUR,Turquie,Asia,2020-09-28,69.714
TUR,Turquie,Asia,2020-09-29,70.143
TUR,Turquie,Asia,2020-09-30,69.143
TUR,Turquie,Asia,2020-10-01,68.143
TUR,Turquie,Asia,2020-10-02,66.714
TUR,Turquie,Asia,2020-10-03,65.0
TUR,Turquie,Asia,2020-10-04,63.429
TUR,Turquie,Asia,2020-10-05,62.286
TUR,Turquie,Asia,2020-10-06,60.429
TUR,Turquie,Asia,2020-10-07,59.143
TUR,Turquie,Asia,2020-10-08,57.857
TUR,Turquie,Asia,2020-10-09,56.714
TUR,Turquie,Asia,2020-10-10,56.286
TUR,Turquie,Asia,2020-10-11,56.571
TUR,Turquie,Asia,2020-10-12,56.714
TUR,Turquie,Asia,2020-10-13,57.714
TUR,Turquie,Asia,2020-10-14,57.857
TUR,Turquie,Asia,2020-10-15,59.0
TUR,Turquie,Asia,2020-10-16,61.571
TUR,Turquie,Asia,2020-10-17,63.714
TUR,Turquie,Asia,2020-10-18,65.571
TUR,Turquie,Asia,2020-10-19,68.0
TUR,Turquie,Asia,2020-10-20,69.714
TUR,Turquie,Asia,2020-10-21,71.286
TUR,Turquie,Asia,2020-10-22,72.0
TUR,Turquie,Asia,2020-10-23,72.143
TUR,Turquie,Asia,2020-10-24,71.857
TUR,Turquie,Asia,2020-10-25,71.857
TUR,Turquie,Asia,2020-10-26,71.857
TUR,Turquie,Asia,2020-10-27,72.143
TUR,Turquie,Asia,2020-10-28,73.429
TUR,Turquie,Asia,2020-10-29,73.571
TUR,Turquie,Asia,2020-10-30,74.143
TUR,Turquie,Asia,2020-10-31,75.0
TUR,Turquie,Asia,2020-11-01,75.286
TUR,Turquie,Asia,2020-11-02,75.429
TUR,Turquie,Asia,2020-11-03,75.857
TUR,Turquie,Asia,2020-11-04,75.857
TUR,Turquie,Asia,2020-11-05,77.143
TUR,Turquie,Asia,2020-11-06,77.857
TUR,Turquie,Asia,2020-11-07,78.714
TUR,Turquie,Asia,2020-11-08,80.143
TUR,Turquie,Asia,2020-11-09,81.429
TUR,Turquie,Asia,2020-11-10,82.571
TUR,Turquie,Asia,2020-11-11,83.857
TUR,Turquie,Asia,2020-11-12,84.857
TUR,Turquie,Asia,2020-11-13,86.286
TUR,Turquie,Asia,2020-11-14,87.857
TUR,Turquie,Asia,2020-11-15,88.571
TUR,Turquie,Asia,2020-11-16,89.857
TUR,Turquie,Asia,2020-11-17,92.143
TUR,Turquie,Asia,2020-11-18,96.429
TUR,Turquie,Asia,2020-11-19,101.429
TUR,Turquie,Asia,2020-11-20,108.286
TUR,Turquie,Asia,2020-11-21,114.429
TUR,Turquie,Asia,2020-11-22,121.571
TUR,Turquie,Asia,2020-11-23,130.0
TUR,Turquie,Asia,2020-11-24,138.286
TUR,Turquie,Asia,2020-11-25,145.714
TUR,Turquie,Asia,2020-11-26,153.0
TUR,Turquie,Asia,2020-11-27,158.143
TUR,Turquie,Asia,2020-11-28,164.857
TUR,Turquie,Asia,2020-11-29,171.429
TUR,Turquie,Asia,2020-11-30,176.429
TUR,Turquie,Asia,2020-12-01,180.571
TUR,Turquie,Asia,2020-12-02,184.143
TUR,Turquie,Asia,2020-12-03,186.0
TUR,Turquie,Asia,2020-12-04,188.286
TUR,Turquie,Asia,2020-12-05,190.286
TUR,Turquie,Asia,2020-12-06,191.714
TUR,Turquie,Asia,2020-12-07,193.857
TUR,Turquie,Asia,2020-12-08,196.857
TUR,Turquie,Asia,2020-12-09,200.286
TUR,Turquie,Asia,2020-12-10,205.0
TUR,Turquie,Asia,2020-12-11,209.714
TUR,Turquie,Asia,2020-12-12,213.429
TUR,Turquie,Asia,2020-12-13,216.714
TUR,Turquie,Asia,2020-12-14,220.429
TUR,Turquie,Asia,2020-12-15,223.857
TUR,Turquie,Asia,2020-12-16,227.143
TUR,Turquie,Asia,2020-12-17,230.429
TUR,Turquie,Asia,2020-12-18,233.286
TUR,Turquie,Asia,2020-12-19,236.0
TUR,Turquie,Asia,2020-12-20,240.0
TUR,Turquie,Asia,2020-12-21,243.571
TUR,Turquie,Asia,2020-12-22,245.857
TUR,Turquie,Asia,2020-12-23,248.571
TUR,Turquie,Asia,2020-12-24,250.143
TUR,Turquie,Asia,2020-12-25,251.571
TUR,Turquie,Asia,2020-12-26,253.286
TUR,Turquie,Asia,2020-12-27,254.429
TUR,Turquie,Asia,2020-12-28,254.857
TUR,Turquie,Asia,2020-12-29,255.143
TUR,Turquie,Asia,2020-12-30,254.429
TUR,Turquie,Asia,2020-12-31,252.286
TUR,Turquie,Asia,2021-01-01,246.0
TUR,Turquie,Asia,2021-01-02,238.714
TUR,Turquie,Asia,2021-01-03,230.0
TUR,Turquie,Asia,2021-01-04,221.429
TUR,Turquie,Asia,2021-01-05,213.0
TUR,Turquie,Asia,2021-01-06,204.0
TUR,Turquie,Asia,2021-01-07,197.571
TUR,Turquie,Asia,2021-01-08,193.857
TUR,Turquie,Asia,2021-01-09,190.857
TUR,Turquie,Asia,2021-01-10,188.429
TUR,Turquie,Asia,2021-01-11,185.143
TUR,Turquie,Asia,2021-01-12,181.857
TUR,Turquie,Asia,2021-01-13,179.286
TUR,Turquie,Asia,2021-01-14,175.857
TUR,Turquie,Asia,2021-01-15,173.429
TUR,Turquie,Asia,2021-01-16,171.571
TUR,Turquie,Asia,2021-01-17,170.0
TUR,Turquie,Asia,2021-01-18,168.571
TUR,Turquie,Asia,2021-01-19,168.0
TUR,Turquie,Asia,2021-01-20,166.0
TUR,Turquie,Asia,2021-01-21,163.571
TUR,Turquie,Asia,2021-01-22,160.714
TUR,Turquie,Asia,2021-01-23,157.286
TUR,Turquie,Asia,2021-01-24,153.714
TUR,Turquie,Asia,2021-01-25,149.857
TUR,Turquie,Asia,2021-01-26,145.143
TUR,Turquie,Asia,2021-01-27,141.286
TUR,Turquie,Asia,2021-01-28,137.857
TUR,Turquie,Asia,2021-01-29,135.286
TUR,Turquie,Asia,2021-01-30,133.143
TUR,Turquie,Asia,2021-01-31,131.429
TUR,Turquie,Asia,2021-02-01,129.571
TUR,Turquie,Asia,2021-02-02,127.571
TUR,Turquie,Asia,2021-02-03,125.429
TUR,Turquie,Asia,2021-02-04,123.143
TUR,Turquie,Asia,2021-02-05,120.143
TUR,Turquie,Asia,2021-02-06,117.143
TUR,Turquie,Asia,2021-02-07,114.857
TUR,Turquie,Asia,2021-02-08,111.857
TUR,Turquie,Asia,2021-02-09,108.714
TUR,Turquie,Asia,2021-02-10,105.571
TUR,Turquie,Asia,2021-02-11,102.857
TUR,Turquie,Asia,2021-02-12,101.0
TUR,Turquie,Asia,2021-02-13,98.857
TUR,Turquie,Asia,2021-02-14,96.286
TUR,Turquie,Asia,2021-02-15,94.571
TUR,Turquie,Asia,2021-02-16,93.429
TUR,Turquie,Asia,2021-02-17,92.143
TUR,Turquie,Asia,2021-02-18,90.571
TUR,Turquie,Asia,2021-02-19,88.429
TUR,Turquie,Asia,2021-02-20,86.571
TUR,Turquie,Asia,2021-02-21,84.143
TUR,Turquie,Asia,2021-02-22,82.286
TUR,Turquie,Asia,2021-02-23,80.143
TUR,Turquie,Asia,2021-02-24,78.143
TUR,Turquie,Asia,2021-02-25,76.714
TUR,Turquie,Asia,2021-02-26,75.571
TUR,Turquie,Asia,2021-02-27,74.286
TUR,Turquie,Asia,2021-02-28,72.714
TUR,Turquie,Asia,2021-03-01,71.429
TUR,Turquie,Asia,2021-03-02,70.429
TUR,Turquie,Asia,2021-03-03,69.429
TUR,Turquie,Asia,2021-03-04,68.714
TUR,Turquie,Asia,2021-03-05,67.0
TUR,Turquie,Asia,2021-03-06,66.0
TUR,Turquie,Asia,2021-03-07,65.857
TUR,Turquie,Asia,2021-03-08,65.143
TUR,Turquie,Asia,2021-03-09,64.857
TUR,Turquie,Asia,2021-03-10,65.143
TUR,Turquie,Asia,2021-03-11,64.429
TUR,Turquie,Asia,2021-03-12,65.0
TUR,Turquie,Asia,2021-03-13,65.143
TUR,Turquie,Asia,2021-03-14,65.571
TUR,Turquie,Asia,2021-03-15,65.429
TUR,Turquie,Asia,2021-03-16,66.143
TUR,Turquie,Asia,2021-03-17,67.0
TUR,Turquie,Asia,2021-03-18,69.571
TUR,Turquie,Asia,2021-03-19,72.571
TUR,Turquie,Asia,2021-03-20,76.857
TUR,Turquie,Asia,2021-03-21,81.714
TUR,Turquie,Asia,2021-03-22,89.429
TUR,Turquie,Asia,2021-03-23,99.0
TUR,Turquie,Asia,2021-03-24,109.429
TUR,Turquie,Asia,2021-03-25,120.286
TUR,Turquie,Asia,2021-03-26,129.714
TUR,Turquie,Asia,2021-03-27,137.714
TUR,Turquie,Asia,2021-03-28,145.0
TUR,Turquie,Asia,2021-03-29,150.286
TUR,Turquie,Asia,2021-03-30,152.714
TUR,Turquie,Asia,2021-03-31,153.571
TUR,Turquie,Asia,2021-04-01,156.286
TUR,Turquie,Asia,2021-04-02,160.0
TUR,Turquie,Asia,2021-04-03,165.0
TUR,Turquie,Asia,2021-04-04,169.571
TUR,Turquie,Asia,2021-04-05,175.143
TUR,Turquie,Asia,2021-04-06,183.143
TUR,Turquie,Asia,2021-04-07,200.857
TUR,Turquie,Asia,2021-04-08,212.571
TUR,Turquie,Asia,2021-04-09,223.143
TUR,Turquie,Asia,2021-04-10,232.0
TUR,Turquie,Asia,2021-04-11,239.429
TUR,Turquie,Asia,2021-04-12,246.571
TUR,Turquie,Asia,2021-04-13,255.429
TUR,Turquie,Asia,2021-04-14,255.857
TUR,Turquie,Asia,2021-04-15,261.429
TUR,Turquie,Asia,2021-04-16,266.571
TUR,Turquie,Asia,2021-04-17,272.286
TUR,Turquie,Asia,2021-04-18,283.857
TUR,Turquie,Asia,2021-04-19,297.857
TUR,Turquie,Asia,2021-04-20,308.286
TUR,Turquie,Asia,2021-04-21,320.143
TUR,Turquie,Asia,2021-04-22,328.286
TUR,Turquie,Asia,2021-04-23,336.0
TUR,Turquie,Asia,2021-04-24,343.286
TUR,Turquie,Asia,2021-04-25,347.429
TUR,Turquie,Asia,2021-04-26,349.143
TUR,Turquie,Asia,2021-04-27,349.143
TUR,Turquie,Asia,2021-04-28,346.143
TUR,Turquie,Asia,2021-04-29,344.0
TUR,Turquie,Asia,2021-04-30,351.286
TUR,Turquie,Asia,2021-05-01,356.143
TUR,Turquie,Asia,2021-05-02,355.143
TUR,Turquie,Asia,2021-05-03,354.286
TUR,Turquie,Asia,2021-05-04,352.857
TUR,Turquie,Asia,2021-05-05,355.0
TUR,Turquie,Asia,2021-05-06,350.0
TUR,Turquie,Asia,2021-05-07,333.429
TUR,Turquie,Asia,2021-05-08,320.286
TUR,Turquie,Asia,2021-05-09,312.143
TUR,Turquie,Asia,2021-05-10,302.857
TUR,Turquie,Asia,2021-05-11,294.571
TUR,Turquie,Asia,2021-05-12,276.857
TUR,Turquie,Asia,2021-05-13,267.429
TUR,Turquie,Asia,2021-05-14,262.286
TUR,Turquie,Asia,2021-05-15,255.857
TUR,Turquie,Asia,2021-05-16,247.286
TUR,Turquie,Asia,2021-05-17,238.857
TUR,Turquie,Asia,2021-05-18,228.143
TUR,Turquie,Asia,2021-05-19,228.286
TUR,Turquie,Asia,2021-05-20,223.857
TUR,Turquie,Asia,2021-05-21,219.857
TUR,Turquie,Asia,2021-05-22,219.143
TUR,Turquie,Asia,2021-05-23,215.429
TUR,Turquie,Asia,2021-05-24,209.0
TUR,Turquie,Asia,2021-05-25,205.0
TUR,Turquie,Asia,2021-05-26,195.429
TUR,Turquie,Asia,2021-05-27,192.0
TUR,Turquie,Asia,2021-05-28,184.857
TUR,Turquie,Asia,2021-05-29,171.429
TUR,Turquie,Asia,2021-05-30,162.429
TUR,Turquie,Asia,2021-05-31,154.429
TUR,Turquie,Asia,2021-06-01,147.857
TUR,Turquie,Asia,2021-06-02,140.143
TUR,Turquie,Asia,2021-06-03,130.286
TUR,Turquie,Asia,2021-06-04,120.286
TUR,Turquie,Asia,2021-06-05,113.857
TUR,Turquie,Asia,2021-06-06,108.429
TUR,Turquie,Asia,2021-06-07,104.0
TUR,Turquie,Asia,2021-06-08,97.857
TUR,Turquie,Asia,2021-06-09,94.286
TUR,Turquie,Asia,2021-06-10,91.714
TUR,Turquie,Asia,2021-06-11,88.143
TUR,Turquie,Asia,2021-06-12,85.714
TUR,Turquie,Asia,2021-06-13,79.571
TUR,Turquie,Asia,2021-06-14,77.143
TUR,Turquie,Asia,2021-06-15,76.857
TUR,Turquie,Asia,2021-06-16,74.571
TUR,Turquie,Asia,2021-06-17,69.714
TUR,Turquie,Asia,2021-06-18,68.286
TUR,Turquie,Asia,2021-06-19,64.857
TUR,Turquie,Asia,2021-06-20,66.286
TUR,Turquie,Asia,2021-06-21,63.0
TUR,Turquie,Asia,2021-06-22,59.143
TUR,Turquie,Asia,2021-06-23,58.286
TUR,Turquie,Asia,2021-06-24,57.857
TUR,Turquie,Asia,2021-06-25,57.429
TUR,Turquie,Asia,2021-06-26,57.429
TUR,Turquie,Asia,2021-06-27,55.857
TUR,Turquie,Asia,2021-06-28,56.857
TUR,Turquie,Asia,2021-06-29,56.286
TUR,Turquie,Asia,2021-06-30,53.429
TUR,Turquie,Asia,2021-07-01,51.0
TUR,Turquie,Asia,2021-07-02,50.857
TUR,Turquie,Asia,2021-07-03,50.0
TUR,Turquie,Asia,2021-07-04,42.571
TUR,Turquie,Asia,2021-07-05,34.286
UKR,Ukraine,Europe,2020-03-08,0.0
UKR,Ukraine,Europe,2020-03-09,0.0
UKR,Ukraine,Europe,2020-03-10,0.0
UKR,Ukraine,Europe,2020-03-11,0.0
UKR,Ukraine,Europe,2020-03-12,0.0
UKR,Ukraine,Europe,2020-03-13,0.143
UKR,Ukraine,Europe,2020-03-14,0.143
UKR,Ukraine,Europe,2020-03-15,0.143
UKR,Ukraine,Europe,2020-03-16,0.143
UKR,Ukraine,Europe,2020-03-17,0.286
UKR,Ukraine,Europe,2020-03-18,0.286
UKR,Ukraine,Europe,2020-03-19,0.286
UKR,Ukraine,Europe,2020-03-20,0.286
UKR,Ukraine,Europe,2020-03-21,0.286
UKR,Ukraine,Europe,2020-03-22,0.286
UKR,Ukraine,Europe,2020-03-23,0.286
UKR,Ukraine,Europe,2020-03-24,0.143
UKR,Ukraine,Europe,2020-03-25,0.429
UKR,Ukraine,Europe,2020-03-26,0.429
UKR,Ukraine,Europe,2020-03-27,0.286
UKR,Ukraine,Europe,2020-03-28,0.857
UKR,Ukraine,Europe,2020-03-29,1.0
UKR,Ukraine,Europe,2020-03-30,1.429
UKR,Ukraine,Europe,2020-03-31,2.0
UKR,Ukraine,Europe,2020-04-01,2.143
UKR,Ukraine,Europe,2020-04-02,2.429
UKR,Ukraine,Europe,2020-04-03,3.143
UKR,Ukraine,Europe,2020-04-04,3.286
UKR,Ukraine,Europe,2020-04-05,3.857
UKR,Ukraine,Europe,2020-04-06,3.571
UKR,Ukraine,Europe,2020-04-07,4.0
UKR,Ukraine,Europe,2020-04-08,4.571
UKR,Ukraine,Europe,2020-04-09,5.0
UKR,Ukraine,Europe,2020-04-10,6.0
UKR,Ukraine,Europe,2020-04-11,5.857
UKR,Ukraine,Europe,2020-04-12,6.571
UKR,Ukraine,Europe,2020-04-13,7.857
UKR,Ukraine,Europe,2020-04-14,7.571
UKR,Ukraine,Europe,2020-04-15,8.0
UKR,Ukraine,Europe,2020-04-16,8.429
UKR,Ukraine,Europe,2020-04-17,8.0
UKR,Ukraine,Europe,2020-04-18,8.571
UKR,Ukraine,Europe,2020-04-19,8.286
UKR,Ukraine,Europe,2020-04-20,8.286
UKR,Ukraine,Europe,2020-04-21,9.0
UKR,Ukraine,Europe,2020-04-22,9.429
UKR,Ukraine,Europe,2020-04-23,10.143
UKR,Ukraine,Europe,2020-04-24,10.857
UKR,Ukraine,Europe,2020-04-25,9.714
UKR,Ukraine,Europe,2020-04-26,9.714
UKR,Ukraine,Europe,2020-04-27,9.857
UKR,Ukraine,Europe,2020-04-28,11.143
UKR,Ukraine,Europe,2020-04-29,10.857
UKR,Ukraine,Europe,2020-04-30,10.571
UKR,Ukraine,Europe,2020-05-01,10.143
UKR,Ukraine,Europe,2020-05-02,11.143
UKR,Ukraine,Europe,2020-05-03,11.286
UKR,Ukraine,Europe,2020-05-04,11.857
UKR,Ukraine,Europe,2020-05-05,11.0
UKR,Ukraine,Europe,2020-05-06,11.0
UKR,Ukraine,Europe,2020-05-07,11.286
UKR,Ukraine,Europe,2020-05-08,12.714
UKR,Ukraine,Europe,2020-05-09,13.857
UKR,Ukraine,Europe,2020-05-10,14.714
UKR,Ukraine,Europe,2020-05-11,15.0
UKR,Ukraine,Europe,2020-05-12,15.571
UKR,Ukraine,Europe,2020-05-13,16.0
UKR,Ukraine,Europe,2020-05-14,16.571
UKR,Ukraine,Europe,2020-05-15,16.429
UKR,Ukraine,Europe,2020-05-16,17.286
UKR,Ukraine,Europe,2020-05-17,17.571
UKR,Ukraine,Europe,2020-05-18,18.143
UKR,Ukraine,Europe,2020-05-19,17.571
UKR,Ukraine,Europe,2020-05-20,17.857
UKR,Ukraine,Europe,2020-05-21,17.571
UKR,Ukraine,Europe,2020-05-22,16.0
UKR,Ukraine,Europe,2020-05-23,15.429
UKR,Ukraine,Europe,2020-05-24,14.714
UKR,Ukraine,Europe,2020-05-25,12.571
UKR,Ukraine,Europe,2020-05-26,13.714
UKR,Ukraine,Europe,2020-05-27,13.429
UKR,Ukraine,Europe,2020-05-28,12.857
UKR,Ukraine,Europe,2020-05-29,13.0
UKR,Ukraine,Europe,2020-05-30,13.0
UKR,Ukraine,Europe,2020-05-31,13.0
UKR,Ukraine,Europe,2020-06-01,14.429
UKR,Ukraine,Europe,2020-06-02,12.714
UKR,Ukraine,Europe,2020-06-03,12.0
UKR,Ukraine,Europe,2020-06-04,12.286
UKR,Ukraine,Europe,2020-06-05,13.0
UKR,Ukraine,Europe,2020-06-06,12.714
UKR,Ukraine,Europe,2020-06-07,12.571
UKR,Ukraine,Europe,2020-06-08,11.571
UKR,Ukraine,Europe,2020-06-09,12.143
UKR,Ukraine,Europe,2020-06-10,14.143
UKR,Ukraine,Europe,2020-06-11,15.571
UKR,Ukraine,Europe,2020-06-12,15.714
UKR,Ukraine,Europe,2020-06-13,15.0
UKR,Ukraine,Europe,2020-06-14,14.714
UKR,Ukraine,Europe,2020-06-15,15.143
UKR,Ukraine,Europe,2020-06-16,14.857
UKR,Ukraine,Europe,2020-06-17,16.0
UKR,Ukraine,Europe,2020-06-18,16.0
UKR,Ukraine,Europe,2020-06-19,16.429
UKR,Ukraine,Europe,2020-06-20,16.286
UKR,Ukraine,Europe,2020-06-21,16.143
UKR,Ukraine,Europe,2020-06-22,15.857
UKR,Ukraine,Europe,2020-06-23,17.571
UKR,Ukraine,Europe,2020-06-24,15.429
UKR,Ukraine,Europe,2020-06-25,14.571
UKR,Ukraine,Europe,2020-06-26,14.571
UKR,Ukraine,Europe,2020-06-27,16.714
UKR,Ukraine,Europe,2020-06-28,18.571
UKR,Ukraine,Europe,2020-06-29,19.857
UKR,Ukraine,Europe,2020-06-30,18.286
UKR,Ukraine,Europe,2020-07-01,18.143
UKR,Ukraine,Europe,2020-07-02,17.429
UKR,Ukraine,Europe,2020-07-03,18.571
UKR,Ukraine,Europe,2020-07-04,17.429
UKR,Ukraine,Europe,2020-07-05,17.571
UKR,Ukraine,Europe,2020-07-06,16.714
UKR,Ukraine,Europe,2020-07-07,18.0
UKR,Ukraine,Europe,2020-07-08,19.286
UKR,Ukraine,Europe,2020-07-09,20.571
UKR,Ukraine,Europe,2020-07-10,19.286
UKR,Ukraine,Europe,2020-07-11,20.857
UKR,Ukraine,Europe,2020-07-12,19.286
UKR,Ukraine,Europe,2020-07-13,19.571
UKR,Ukraine,Europe,2020-07-14,18.571
UKR,Ukraine,Europe,2020-07-15,17.286
UKR,Ukraine,Europe,2020-07-16,16.857
UKR,Ukraine,Europe,2020-07-17,15.857
UKR,Ukraine,Europe,2020-07-18,15.286
UKR,Ukraine,Europe,2020-07-19,14.857
UKR,Ukraine,Europe,2020-07-20,14.571
UKR,Ukraine,Europe,2020-07-21,15.429
UKR,Ukraine,Europe,2020-07-22,15.571
UKR,Ukraine,Europe,2020-07-23,15.429
UKR,Ukraine,Europe,2020-07-24,16.857
UKR,Ukraine,Europe,2020-07-25,16.286
UKR,Ukraine,Europe,2020-07-26,17.286
UKR,Ukraine,Europe,2020-07-27,17.0
UKR,Ukraine,Europe,2020-07-28,16.143
UKR,Ukraine,Europe,2020-07-29,17.143
UKR,Ukraine,Europe,2020-07-30,18.143
UKR,Ukraine,Europe,2020-07-31,18.0
UKR,Ukraine,Europe,2020-08-01,17.571
UKR,Ukraine,Europe,2020-08-02,17.714
UKR,Ukraine,Europe,2020-08-03,18.0
UKR,Ukraine,Europe,2020-08-04,19.714
UKR,Ukraine,Europe,2020-08-05,20.0
UKR,Ukraine,Europe,2020-08-06,21.286
UKR,Ukraine,Europe,2020-08-07,23.143
UKR,Ukraine,Europe,2020-08-08,24.714
UKR,Ukraine,Europe,2020-08-09,25.143
UKR,Ukraine,Europe,2020-08-10,26.857
UKR,Ukraine,Europe,2020-08-11,27.286
UKR,Ukraine,Europe,2020-08-12,26.571
UKR,Ukraine,Europe,2020-08-13,25.286
UKR,Ukraine,Europe,2020-08-14,23.286
UKR,Ukraine,Europe,2020-08-15,24.286
UKR,Ukraine,Europe,2020-08-16,25.0
UKR,Ukraine,Europe,2020-08-17,24.571
UKR,Ukraine,Europe,2020-08-18,24.714
UKR,Ukraine,Europe,2020-08-19,26.143
UKR,Ukraine,Europe,2020-08-20,28.857
UKR,Ukraine,Europe,2020-08-21,29.429
UKR,Ukraine,Europe,2020-08-22,30.0
UKR,Ukraine,Europe,2020-08-23,30.429
UKR,Ukraine,Europe,2020-08-24,30.429
UKR,Ukraine,Europe,2020-08-25,30.0
UKR,Ukraine,Europe,2020-08-26,31.0
UKR,Ukraine,Europe,2020-08-27,32.0
UKR,Ukraine,Europe,2020-08-28,35.857
UKR,Ukraine,Europe,2020-08-29,36.286
UKR,Ukraine,Europe,2020-08-30,37.429
UKR,Ukraine,Europe,2020-08-31,38.571
UKR,Ukraine,Europe,2020-09-01,41.714
UKR,Ukraine,Europe,2020-09-02,43.714
UKR,Ukraine,Europe,2020-09-03,44.286
UKR,Ukraine,Europe,2020-09-04,44.714
UKR,Ukraine,Europe,2020-09-05,46.143
UKR,Ukraine,Europe,2020-09-06,46.143
UKR,Ukraine,Europe,2020-09-07,46.429
UKR,Ukraine,Europe,2020-09-08,47.714
UKR,Ukraine,Europe,2020-09-09,47.0
UKR,Ukraine,Europe,2020-09-10,45.714
UKR,Ukraine,Europe,2020-09-11,45.714
UKR,Ukraine,Europe,2020-09-12,49.0
UKR,Ukraine,Europe,2020-09-13,48.714
UKR,Ukraine,Europe,2020-09-14,49.0
UKR,Ukraine,Europe,2020-09-15,48.286
UKR,Ukraine,Europe,2020-09-16,52.857
UKR,Ukraine,Europe,2020-09-17,55.143
UKR,Ukraine,Europe,2020-09-18,57.571
UKR,Ukraine,Europe,2020-09-19,54.143
UKR,Ukraine,Europe,2020-09-20,55.286
UKR,Ukraine,Europe,2020-09-21,54.143
UKR,Ukraine,Europe,2020-09-22,55.714
UKR,Ukraine,Europe,2020-09-23,54.286
UKR,Ukraine,Europe,2020-09-24,53.286
UKR,Ukraine,Europe,2020-09-25,53.571
UKR,Ukraine,Europe,2020-09-26,57.571
UKR,Ukraine,Europe,2020-09-27,59.714
UKR,Ukraine,Europe,2020-09-28,61.429
UKR,Ukraine,Europe,2020-09-29,62.571
UKR,Ukraine,Europe,2020-09-30,62.429
UKR,Ukraine,Europe,2020-10-01,64.286
UKR,Ukraine,Europe,2020-10-02,63.857
UKR,Ukraine,Europe,2020-10-03,66.143
UKR,Ukraine,Europe,2020-10-04,64.429
UKR,Ukraine,Europe,2020-10-05,64.0
UKR,Ukraine,Europe,2020-10-06,67.143
UKR,Ukraine,Europe,2020-10-07,69.429
UKR,Ukraine,Europe,2020-10-08,74.143
UKR,Ukraine,Europe,2020-10-09,77.429
UKR,Ukraine,Europe,2020-10-10,79.857
UKR,Ukraine,Europe,2020-10-11,86.143
UKR,Ukraine,Europe,2020-10-12,87.571
UKR,Ukraine,Europe,2020-10-13,90.0
UKR,Ukraine,Europe,2020-10-14,94.0
UKR,Ukraine,Europe,2020-10-15,90.857
UKR,Ukraine,Europe,2020-10-16,93.143
UKR,Ukraine,Europe,2020-10-17,94.143
UKR,Ukraine,Europe,2020-10-18,94.857
UKR,Ukraine,Europe,2020-10-19,98.714
UKR,Ukraine,Europe,2020-10-20,99.143
UKR,Ukraine,Europe,2020-10-21,104.0
UKR,Ukraine,Europe,2020-10-22,110.0
UKR,Ukraine,Europe,2020-10-23,112.143
UKR,Ukraine,Europe,2020-10-24,113.429
UKR,Ukraine,Europe,2020-10-25,114.857
UKR,Ukraine,Europe,2020-10-26,115.286
UKR,Ukraine,Europe,2020-10-27,117.429
UKR,Ukraine,Europe,2020-10-28,120.714
UKR,Ukraine,Europe,2020-10-29,120.714
UKR,Ukraine,Europe,2020-10-30,128.429
UKR,Ukraine,Europe,2020-10-31,133.714
UKR,Ukraine,Europe,2020-11-01,135.571
UKR,Ukraine,Europe,2020-11-02,134.714
UKR,Ukraine,Europe,2020-11-03,139.857
UKR,Ukraine,Europe,2020-11-04,144.857
UKR,Ukraine,Europe,2020-11-05,155.714
UKR,Ukraine,Europe,2020-11-06,160.429
UKR,Ukraine,Europe,2020-11-07,164.857
UKR,Ukraine,Europe,2020-11-08,168.571
UKR,Ukraine,Europe,2020-11-09,175.429
UKR,Ukraine,Europe,2020-11-10,181.286
UKR,Ukraine,Europe,2020-11-11,180.286
UKR,Ukraine,Europe,2020-11-12,182.0
UKR,Ukraine,Europe,2020-11-13,178.0
UKR,Ukraine,Europe,2020-11-14,179.0
UKR,Ukraine,Europe,2020-11-15,172.714
UKR,Ukraine,Europe,2020-11-16,170.0
UKR,Ukraine,Europe,2020-11-17,164.286
UKR,Ukraine,Europe,2020-11-18,173.857
UKR,Ukraine,Europe,2020-11-19,181.714
UKR,Ukraine,Europe,2020-11-20,189.286
UKR,Ukraine,Europe,2020-11-21,191.857
UKR,Ukraine,Europe,2020-11-22,198.286
UKR,Ukraine,Europe,2020-11-23,203.0
UKR,Ukraine,Europe,2020-11-24,207.286
UKR,Ukraine,Europe,2020-11-25,203.714
UKR,Ukraine,Europe,2020-11-26,199.571
UKR,Ukraine,Europe,2020-11-27,194.714
UKR,Ukraine,Europe,2020-11-28,190.857
UKR,Ukraine,Europe,2020-11-29,188.714
UKR,Ukraine,Europe,2020-11-30,186.857
UKR,Ukraine,Europe,2020-12-01,191.857
UKR,Ukraine,Europe,2020-12-02,183.286
UKR,Ukraine,Europe,2020-12-03,186.143
UKR,Ukraine,Europe,2020-12-04,192.714
UKR,Ukraine,Europe,2020-12-05,198.857
UKR,Ukraine,Europe,2020-12-06,205.857
UKR,Ukraine,Europe,2020-12-07,211.0
UKR,Ukraine,Europe,2020-12-08,207.286
UKR,Ukraine,Europe,2020-12-09,223.143
UKR,Ukraine,Europe,2020-12-10,226.714
UKR,Ukraine,Europe,2020-12-11,233.857
UKR,Ukraine,Europe,2020-12-12,235.857
UKR,Ukraine,Europe,2020-12-13,233.857
UKR,Ukraine,Europe,2020-12-14,226.286
UKR,Ukraine,Europe,2020-12-15,232.143
UKR,Ukraine,Europe,2020-12-16,230.286
UKR,Ukraine,Europe,2020-12-17,228.286
UKR,Ukraine,Europe,2020-12-18,224.286
UKR,Ukraine,Europe,2020-12-19,220.571
UKR,Ukraine,Europe,2020-12-20,215.714
UKR,Ukraine,Europe,2020-12-21,214.429
UKR,Ukraine,Europe,2020-12-22,213.857
UKR,Ukraine,Europe,2020-12-23,215.571
UKR,Ukraine,Europe,2020-12-24,211.143
UKR,Ukraine,Europe,2020-12-25,201.0
UKR,Ukraine,Europe,2020-12-26,188.143
UKR,Ukraine,Europe,2020-12-27,181.571
UKR,Ukraine,Europe,2020-12-28,180.286
UKR,Ukraine,Europe,2020-12-29,180.857
UKR,Ukraine,Europe,2020-12-30,176.429
UKR,Ukraine,Europe,2020-12-31,174.857
UKR,Ukraine,Europe,2021-01-01,168.857
UKR,Ukraine,Europe,2021-01-02,158.429
UKR,Ukraine,Europe,2021-01-03,165.429
UKR,Ukraine,Europe,2021-01-04,165.286
UKR,Ukraine,Europe,2021-01-05,161.143
UKR,Ukraine,Europe,2021-01-06,159.0
UKR,Ukraine,Europe,2021-01-07,150.429
UKR,Ukraine,Europe,2021-01-08,142.143
UKR,Ukraine,Europe,2021-01-09,146.857
UKR,Ukraine,Europe,2021-01-10,144.429
UKR,Ukraine,Europe,2021-01-11,143.857
UKR,Ukraine,Europe,2021-01-12,140.857
UKR,Ukraine,Europe,2021-01-13,135.714
UKR,Ukraine,Europe,2021-01-14,138.0
UKR,Ukraine,Europe,2021-01-15,149.571
UKR,Ukraine,Europe,2021-01-16,158.714
UKR,Ukraine,Europe,2021-01-17,160.857
UKR,Ukraine,Europe,2021-01-18,161.143
UKR,Ukraine,Europe,2021-01-19,160.286
UKR,Ukraine,Europe,2021-01-20,163.286
UKR,Ukraine,Europe,2021-01-21,174.429
UKR,Ukraine,Europe,2021-01-22,174.143
UKR,Ukraine,Europe,2021-01-23,170.429
UKR,Ukraine,Europe,2021-01-24,165.571
UKR,Ukraine,Europe,2021-01-25,164.857
UKR,Ukraine,Europe,2021-01-26,158.714
UKR,Ukraine,Europe,2021-01-27,149.0
UKR,Ukraine,Europe,2021-01-28,135.429
UKR,Ukraine,Europe,2021-01-29,130.286
UKR,Ukraine,Europe,2021-01-30,134.143
UKR,Ukraine,Europe,2021-01-31,133.429
UKR,Ukraine,Europe,2021-02-01,132.857
UKR,Ukraine,Europe,2021-02-02,136.0
UKR,Ukraine,Europe,2021-02-03,138.429
UKR,Ukraine,Europe,2021-02-04,137.143
UKR,Ukraine,Europe,2021-02-05,141.286
UKR,Ukraine,Europe,2021-02-06,138.0
UKR,Ukraine,Europe,2021-02-07,138.286
UKR,Ukraine,Europe,2021-02-08,136.143
UKR,Ukraine,Europe,2021-02-09,131.714
UKR,Ukraine,Europe,2021-02-10,131.286
UKR,Ukraine,Europe,2021-02-11,128.714
UKR,Ukraine,Europe,2021-02-12,122.571
UKR,Ukraine,Europe,2021-02-13,120.429
UKR,Ukraine,Europe,2021-02-14,114.714
UKR,Ukraine,Europe,2021-02-15,116.857
UKR,Ukraine,Europe,2021-02-16,120.0
UKR,Ukraine,Europe,2021-02-17,117.429
UKR,Ukraine,Europe,2021-02-18,123.0
UKR,Ukraine,Europe,2021-02-19,123.286
UKR,Ukraine,Europe,2021-02-20,118.0
UKR,Ukraine,Europe,2021-02-21,119.857
UKR,Ukraine,Europe,2021-02-22,118.429
UKR,Ukraine,Europe,2021-02-23,118.286
UKR,Ukraine,Europe,2021-02-24,118.571
UKR,Ukraine,Europe,2021-02-25,114.286
UKR,Ukraine,Europe,2021-02-26,118.0
UKR,Ukraine,Europe,2021-02-27,128.857
UKR,Ukraine,Europe,2021-02-28,133.429
UKR,Ukraine,Europe,2021-03-01,135.571
UKR,Ukraine,Europe,2021-03-02,137.143
UKR,Ukraine,Europe,2021-03-03,142.429
UKR,Ukraine,Europe,2021-03-04,150.714
UKR,Ukraine,Europe,2021-03-05,154.429
UKR,Ukraine,Europe,2021-03-06,155.143
UKR,Ukraine,Europe,2021-03-07,156.857
UKR,Ukraine,Europe,2021-03-08,162.286
UKR,Ukraine,Europe,2021-03-09,149.714
UKR,Ukraine,Europe,2021-03-10,154.429
UKR,Ukraine,Europe,2021-03-11,164.143
UKR,Ukraine,Europe,2021-03-12,172.429
UKR,Ukraine,Europe,2021-03-13,184.571
UKR,Ukraine,Europe,2021-03-14,190.429
UKR,Ukraine,Europe,2021-03-15,193.286
UKR,Ukraine,Europe,2021-03-16,220.143
UKR,Ukraine,Europe,2021-03-17,230.0
UKR,Ukraine,Europe,2021-03-18,230.857
UKR,Ukraine,Europe,2021-03-19,234.857
UKR,Ukraine,Europe,2021-03-20,237.143
UKR,Ukraine,Europe,2021-03-21,239.857
UKR,Ukraine,Europe,2021-03-22,244.0
UKR,Ukraine,Europe,2021-03-23,254.143
UKR,Ukraine,Europe,2021-03-24,261.857
UKR,Ukraine,Europe,2021-03-25,275.143
UKR,Ukraine,Europe,2021-03-26,284.286
UKR,Ukraine,Europe,2021-03-27,288.429
UKR,Ukraine,Europe,2021-03-28,293.857
UKR,Ukraine,Europe,2021-03-29,296.429
UKR,Ukraine,Europe,2021-03-30,289.286
UKR,Ukraine,Europe,2021-03-31,298.286
UKR,Ukraine,Europe,2021-04-01,306.857
UKR,Ukraine,Europe,2021-04-02,322.571
UKR,Ukraine,Europe,2021-04-03,338.0
UKR,Ukraine,Europe,2021-04-04,346.143
UKR,Ukraine,Europe,2021-04-05,357.571
UKR,Ukraine,Europe,2021-04-06,378.429
UKR,Ukraine,Europe,2021-04-07,388.857
UKR,Ukraine,Europe,2021-04-08,394.857
UKR,Ukraine,Europe,2021-04-09,392.571
UKR,Ukraine,Europe,2021-04-10,392.857
UKR,Ukraine,Europe,2021-04-11,389.143
UKR,Ukraine,Europe,2021-04-12,393.857
UKR,Ukraine,Europe,2021-04-13,397.857
UKR,Ukraine,Europe,2021-04-14,396.0
UKR,Ukraine,Europe,2021-04-15,391.429
UKR,Ukraine,Europe,2021-04-16,394.0
UKR,Ukraine,Europe,2021-04-17,399.857
UKR,Ukraine,Europe,2021-04-18,402.286
UKR,Ukraine,Europe,2021-04-19,391.857
UKR,Ukraine,Europe,2021-04-20,378.857
UKR,Ukraine,Europe,2021-04-21,373.571
UKR,Ukraine,Europe,2021-04-22,378.857
UKR,Ukraine,Europe,2021-04-23,378.714
UKR,Ukraine,Europe,2021-04-24,372.286
UKR,Ukraine,Europe,2021-04-25,369.571
UKR,Ukraine,Europe,2021-04-26,366.857
UKR,Ukraine,Europe,2021-04-27,376.286
UKR,Ukraine,Europe,2021-04-28,378.0
UKR,Ukraine,Europe,2021-04-29,366.571
UKR,Ukraine,Europe,2021-04-30,348.571
UKR,Ukraine,Europe,2021-05-01,342.429
UKR,Ukraine,Europe,2021-05-02,332.286
UKR,Ukraine,Europe,2021-05-03,326.286
UKR,Ukraine,Europe,2021-05-04,288.286
UKR,Ukraine,Europe,2021-05-05,248.429
UKR,Ukraine,Europe,2021-05-06,246.286
UKR,Ukraine,Europe,2021-05-07,256.286
UKR,Ukraine,Europe,2021-05-08,259.143
UKR,Ukraine,Europe,2021-05-09,263.857
UKR,Ukraine,Europe,2021-05-10,258.857
UKR,Ukraine,Europe,2021-05-11,251.857
UKR,Ukraine,Europe,2021-05-12,279.714
UKR,Ukraine,Europe,2021-05-13,275.714
UKR,Ukraine,Europe,2021-05-14,262.429
UKR,Ukraine,Europe,2021-05-15,255.143
UKR,Ukraine,Europe,2021-05-16,246.429
UKR,Ukraine,Europe,2021-05-17,244.714
UKR,Ukraine,Europe,2021-05-18,268.714
UKR,Ukraine,Europe,2021-05-19,250.0
UKR,Ukraine,Europe,2021-05-20,229.429
UKR,Ukraine,Europe,2021-05-21,217.429
UKR,Ukraine,Europe,2021-05-22,197.0
UKR,Ukraine,Europe,2021-05-23,190.571
UKR,Ukraine,Europe,2021-05-24,184.714
UKR,Ukraine,Europe,2021-05-25,179.571
UKR,Ukraine,Europe,2021-05-26,177.143
UKR,Ukraine,Europe,2021-05-27,174.429
UKR,Ukraine,Europe,2021-05-28,168.0
UKR,Ukraine,Europe,2021-05-29,164.857
UKR,Ukraine,Europe,2021-05-30,164.429
UKR,Ukraine,Europe,2021-05-31,164.0
UKR,Ukraine,Europe,2021-06-01,151.429
UKR,Ukraine,Europe,2021-06-02,144.143
UKR,Ukraine,Europe,2021-06-03,132.429
UKR,Ukraine,Europe,2021-06-04,123.571
UKR,Ukraine,Europe,2021-06-05,113.857
UKR,Ukraine,Europe,2021-06-06,107.714
UKR,Ukraine,Europe,2021-06-07,103.143
UKR,Ukraine,Europe,2021-06-08,96.857
UKR,Ukraine,Europe,2021-06-09,85.143
UKR,Ukraine,Europe,2021-06-10,84.571
UKR,Ukraine,Europe,2021-06-11,80.857
UKR,Ukraine,Europe,2021-06-12,78.143
UKR,Ukraine,Europe,2021-06-13,76.714
UKR,Ukraine,Europe,2021-06-14,73.857
UKR,Ukraine,Europe,2021-06-15,67.714
UKR,Ukraine,Europe,2021-06-16,68.143
UKR,Ukraine,Europe,2021-06-17,62.0
UKR,Ukraine,Europe,2021-06-18,59.143
UKR,Ukraine,Europe,2021-06-19,54.857
UKR,Ukraine,Europe,2021-06-20,53.714
UKR,Ukraine,Europe,2021-06-21,54.286
UKR,Ukraine,Europe,2021-06-22,46.571
UKR,Ukraine,Europe,2021-06-23,45.571
UKR,Ukraine,Europe,2021-06-24,46.429
UKR,Ukraine,Europe,2021-06-25,47.429
UKR,Ukraine,Europe,2021-06-26,47.286
UKR,Ukraine,Europe,2021-06-27,46.714
UKR,Ukraine,Europe,2021-06-28,46.429
UKR,Ukraine,Europe,2021-06-29,44.429
UKR,Ukraine,Europe,2021-06-30,40.286
UKR,Ukraine,Europe,2021-07-01,39.714
UKR,Ukraine,Europe,2021-07-02,36.857
UKR,Ukraine,Europe,2021-07-03,37.429
UKR,Ukraine,Europe,2021-07-04,37.143
UKR,Ukraine,Europe,2021-07-05,38.143
