iso_code,name_fr,continent,date,new_cases_smoothed_per_million
FRA,France,Europe,2020-01-29,0.011
FRA,France,Europe,2020-01-30,0.011
FRA,France,Europe,2020-01-31,0.006
FRA,France,Europe,2020-02-01,0.006
FRA,France,Europe,2020-02-02,0.006
FRA,France,Europe,2020-02-03,0.006
FRA,France,Europe,2020-02-04,0.004
FRA,France,Europe,2020-02-05,0.002
FRA,France,Europe,2020-02-06,0.002
FRA,France,Europe,2020-02-07,0.002
FRA,France,Europe,2020-02-08,0.011
FRA,France,Europe,2020-02-09,0.011
FRA,France,Europe,2020-02-10,0.011
FRA,France,Europe,2020-02-11,0.011
FRA,France,Europe,2020-02-12,0.011
FRA,France,Europe,2020-02-13,0.011
FRA,France,Europe,2020-02-14,0.011
FRA,France,Europe,2020-02-15,0.002
FRA,France,Europe,2020-02-16,0.002
FRA,France,Europe,2020-02-17,0.002
FRA,France,Europe,2020-02-18,0.002
FRA,France,Europe,2020-02-19,0.002
FRA,France,Europe,2020-02-20,0.002
FRA,France,Europe,2020-02-21,0.002
FRA,France,Europe,2020-02-25,0.004
FRA,France,Europe,2020-02-26,0.013
FRA,France,Europe,2020-02-27,0.055
FRA,France,Europe,2020-02-28,0.095
FRA,France,Europe,2020-02-29,0.186
FRA,France,Europe,2020-03-01,0.249
FRA,France,Europe,2020-03-02,0.378
FRA,France,Europe,2020-03-03,0.419
FRA,France,Europe,2020-03-04,0.571
FRA,France,Europe,2020-03-05,0.82
FRA,France,Europe,2020-03-06,1.182
FRA,France,Europe,2020-03-07,1.793
FRA,France,Europe,2020-03-08,2.104
FRA,France,Europe,2020-03-09,2.58
FRA,France,Europe,2020-03-10,3.322
FRA,France,Europe,2020-03-11,4.239
FRA,France,Europe,2020-03-12,3.948
FRA,France,Europe,2020-03-13,6.481
FRA,France,Europe,2020-03-14,7.502
FRA,France,Europe,2020-03-15,7.204
FRA,France,Europe,2020-03-16,11.147
FRA,France,Europe,2020-03-17,12.543
FRA,France,Europe,2020-03-18,14.443
FRA,France,Europe,2020-03-19,18.347
FRA,France,Europe,2020-03-20,19.192
FRA,France,Europe,2020-03-21,21.074
FRA,France,Europe,2020-03-22,25.851
FRA,France,Europe,2020-03-23,28.417
FRA,France,Europe,2020-03-24,30.991
FRA,France,Europe,2020-03-25,34.274
FRA,France,Europe,2020-03-26,38.655
FRA,France,Europe,2020-03-27,42.899
FRA,France,Europe,2020-03-28,49.115
FRA,France,Europe,2020-03-29,49.766
FRA,France,Europe,2020-03-30,51.858
FRA,France,Europe,2020-03-31,63.233
FRA,France,Europe,2020-04-01,67.212
FRA,France,Europe,2020-04-02,63.381
FRA,France,Europe,2020-04-03,66.402
FRA,France,Europe,2020-04-04,20.48
FRA,France,Europe,2020-04-05,16.784
FRA,France,Europe,2020-04-06,13.19
FRA,France,Europe,2020-04-11,22.554
FRA,France,Europe,2020-04-12,128.043
FRA,France,Europe,2020-04-13,129.073
FRA,France,Europe,2020-04-14,173.346
FRA,France,Europe,2020-04-15,171.978
FRA,France,Europe,2020-04-16,190.572
FRA,France,Europe,2020-04-17,191.261
FRA,France,Europe,2020-04-18,196.253
FRA,France,Europe,2020-04-19,91.266
FRA,France,Europe,2020-04-20,89.798
FRA,France,Europe,2020-04-21,58.543
FRA,France,Europe,2020-04-22,55.566
FRA,France,Europe,2020-04-23,25.356
FRA,France,Europe,2020-04-24,27.301
FRA,France,Europe,2020-04-25,22.802
FRA,France,Europe,2020-04-26,21.831
FRA,France,Europe,2020-04-27,24.451
FRA,France,Europe,2020-04-28,25.436
FRA,France,Europe,2020-04-29,18.554
FRA,France,Europe,2020-04-30,24.745
FRA,France,Europe,2020-05-01,19.913
FRA,France,Europe,2020-05-02,18.04
FRA,France,Europe,2020-05-03,17.465
FRA,France,Europe,2020-05-04,10.86
FRA,France,Europe,2020-05-05,6.599
FRA,France,Europe,2020-05-06,18.421
FRA,France,Europe,2020-05-07,17.412
FRA,France,Europe,2020-05-08,17.423
FRA,France,Europe,2020-05-09,16.866
FRA,France,Europe,2020-05-10,16.63
FRA,France,Europe,2020-05-11,16.105
FRA,France,Europe,2020-05-12,15.336
FRA,France,Europe,2020-05-13,7.692
FRA,France,Europe,2020-05-14,7.483
FRA,France,Europe,2020-05-15,7.445
FRA,France,Europe,2020-05-16,7.204
FRA,France,Europe,2020-05-17,6.973
FRA,France,Europe,2020-05-18,7.248
FRA,France,Europe,2020-05-19,6.715
FRA,France,Europe,2020-05-20,6.633
FRA,France,Europe,2020-05-21,5.84
FRA,France,Europe,2020-05-22,6.354
FRA,France,Europe,2020-05-23,6.631
FRA,France,Europe,2020-05-24,5.406
FRA,France,Europe,2020-05-25,5.155
FRA,France,Europe,2020-05-26,4.635
FRA,France,Europe,2020-05-27,3.979
FRA,France,Europe,2020-05-28,10.483
FRA,France,Europe,2020-05-29,10.141
FRA,France,Europe,2020-05-30,12.781
FRA,France,Europe,2020-05-31,14.198
FRA,France,Europe,2020-06-01,14.372
FRA,France,Europe,2020-06-02,12.464
FRA,France,Europe,2020-06-03,5.28
FRA,France,Europe,2020-06-04,7.43
FRA,France,Europe,2020-06-05,7.402
FRA,France,Europe,2020-06-06,4.817
FRA,France,Europe,2020-06-07,5.049
FRA,France,Europe,2020-06-08,4.768
FRA,France,Europe,2020-06-09,7.305
FRA,France,Europe,2020-06-10,15.448
FRA,France,Europe,2020-06-11,6.999
FRA,France,Europe,2020-06-12,7.466
FRA,France,Europe,2020-06-13,7.307
FRA,France,Europe,2020-06-14,7.411
FRA,France,Europe,2020-06-15,7.119
FRA,France,Europe,2020-06-16,7.352
FRA,France,Europe,2020-06-17,7.062
FRA,France,Europe,2020-06-18,7.531
FRA,France,Europe,2020-06-19,7.5
FRA,France,Europe,2020-06-20,7.758
FRA,France,Europe,2020-06-21,7.658
FRA,France,Europe,2020-06-22,7.671
FRA,France,Europe,2020-06-23,7.745
FRA,France,Europe,2020-06-24,7.28
FRA,France,Europe,2020-06-25,6.58
FRA,France,Europe,2020-06-26,7.586
FRA,France,Europe,2020-06-27,7.225
FRA,France,Europe,2020-06-28,5.641
FRA,France,Europe,2020-06-29,6.705
FRA,France,Europe,2020-06-30,6.161
FRA,France,Europe,2020-07-01,7.688
FRA,France,Europe,2020-07-02,8.288
FRA,France,Europe,2020-07-03,6.758
FRA,France,Europe,2020-07-04,6.567
FRA,France,Europe,2020-07-05,7.449
FRA,France,Europe,2020-07-06,8.238
FRA,France,Europe,2020-07-07,8.265
FRA,France,Europe,2020-07-08,7.91
FRA,France,Europe,2020-07-09,7.709
FRA,France,Europe,2020-07-10,8.081
FRA,France,Europe,2020-07-11,7.855
FRA,France,Europe,2020-07-12,7.866
FRA,France,Europe,2020-07-13,8.722
FRA,France,Europe,2020-07-14,7.893
FRA,France,Europe,2020-07-15,7.692
FRA,France,Europe,2020-07-16,7.956
FRA,France,Europe,2020-07-17,8.197
FRA,France,Europe,2020-07-18,8.011
FRA,France,Europe,2020-07-19,7.986
FRA,France,Europe,2020-07-20,9.018
FRA,France,Europe,2020-07-21,10.145
FRA,France,Europe,2020-07-22,10.555
FRA,France,Europe,2020-07-23,11.965
FRA,France,Europe,2020-07-24,12.519
FRA,France,Europe,2020-07-25,12.361
FRA,France,Europe,2020-07-26,12.352
FRA,France,Europe,2020-07-27,13.572
FRA,France,Europe,2020-07-28,13.507
FRA,France,Europe,2020-07-29,14.668
FRA,France,Europe,2020-07-30,14.991
FRA,France,Europe,2020-07-31,15.45
FRA,France,Europe,2020-08-01,15.397
FRA,France,Europe,2020-08-02,15.403
FRA,France,Europe,2020-08-03,17.247
FRA,France,Europe,2020-08-04,18.108
FRA,France,Europe,2020-08-05,18.611
FRA,France,Europe,2020-08-06,19.059
FRA,France,Europe,2020-08-07,21.341
FRA,France,Europe,2020-08-08,21.355
FRA,France,Europe,2020-08-09,21.423
FRA,France,Europe,2020-08-10,24.322
FRA,France,Europe,2020-08-11,25.258
FRA,France,Europe,2020-08-12,27.14
FRA,France,Europe,2020-08-13,29.418
FRA,France,Europe,2020-08-14,30.551
FRA,France,Europe,2020-08-15,37.19
FRA,France,Europe,2020-08-16,43.466
FRA,France,Europe,2020-08-17,34.837
FRA,France,Europe,2020-08-18,36.327
FRA,France,Europe,2020-08-19,38.81
FRA,France,Europe,2020-08-20,43.296
FRA,France,Europe,2020-08-21,47.707
FRA,France,Europe,2020-08-22,48.265
FRA,France,Europe,2020-08-23,51.811
FRA,France,Europe,2020-08-24,54.615
FRA,France,Europe,2020-08-25,57.78
FRA,France,Europe,2020-08-26,50.411
FRA,France,Europe,2020-08-27,63.95
FRA,France,Europe,2020-08-28,69.515
FRA,France,Europe,2020-08-29,73.714
FRA,France,Europe,2020-08-30,75.164
FRA,France,Europe,2020-08-31,77.568
FRA,France,Europe,2020-09-01,80.715
FRA,France,Europe,2020-09-02,95.148
FRA,France,Europe,2020-09-03,86.519
FRA,France,Europe,2020-09-04,89.041
FRA,France,Europe,2020-09-05,95.668
FRA,France,Europe,2020-09-06,99.156
FRA,France,Europe,2020-09-07,101.594
FRA,France,Europe,2020-09-08,105.049
FRA,France,Europe,2020-09-09,108.233
FRA,France,Europe,2020-09-10,113.815
FRA,France,Europe,2020-09-11,115.243
FRA,France,Europe,2020-09-12,121.042
FRA,France,Europe,2020-09-13,119.624
FRA,France,Europe,2020-09-14,124.127
FRA,France,Europe,2020-09-15,126.428
FRA,France,Europe,2020-09-16,129.752
FRA,France,Europe,2020-09-17,130.76
FRA,France,Europe,2020-09-18,138.634
FRA,France,Europe,2020-09-19,143.334
FRA,France,Europe,2020-09-20,152.196
FRA,France,Europe,2020-09-21,150.384
FRA,France,Europe,2020-09-22,155.158
FRA,France,Europe,2020-09-23,161.713
FRA,France,Europe,2020-09-24,173.577
FRA,France,Europe,2020-09-25,179.647
FRA,France,Europe,2020-09-26,181.042
FRA,France,Europe,2020-09-27,181.252
FRA,France,Europe,2020-09-28,178.63
FRA,France,Europe,2020-09-29,174.234
FRA,France,Europe,2020-09-30,176.507
FRA,France,Europe,2020-10-01,170.589
FRA,France,Europe,2020-10-02,162.833
FRA,France,Europe,2020-10-03,167.629
FRA,France,Europe,2020-10-04,171.581
FRA,France,Europe,2020-10-05,174.414
FRA,France,Europe,2020-10-06,181.402
FRA,France,Europe,2020-10-07,191.101
FRA,France,Europe,2020-10-08,200.3
FRA,France,Europe,2020-10-09,218.594
FRA,France,Europe,2020-10-10,240.138
FRA,France,Europe,2020-10-11,247.396
FRA,France,Europe,2020-10-12,254.951
FRA,France,Europe,2020-10-13,259.848
FRA,France,Europe,2020-10-14,268.409
FRA,France,Europe,2020-10-15,294.532
FRA,France,Europe,2020-10-16,304.14
FRA,France,Europe,2020-10-17,315.615
FRA,France,Europe,2020-10-18,345.005
FRA,France,Europe,2020-10-19,355.74
FRA,France,Europe,2020-10-20,370.012
FRA,France,Europe,2020-10-21,379.357
FRA,France,Europe,2020-10-22,402.734
FRA,France,Europe,2020-10-23,439.112
FRA,France,Europe,2020-10-24,466.94
FRA,France,Europe,2020-10-25,417.841
FRA,France,Europe,2020-10-26,542
FRA,France,Europe,2020-10-27,571.826
FRA,France,Europe,2020-10-28,593.241
FRA,France,Europe,2020-10-29,605.502
FRA,France,Europe,2020-10-30,619.535
FRA,France,Europe,2020-10-31,597.979
FRA,France,Europe,2020-11-01,681.631
FRA,France,Europe,2020-11-02,751.577
FRA,France,Europe,2020-11-03,832.175
FRA,France,Europe,2020-11-04,655.357
FRA,France,Europe,2020-11-05,679.026
FRA,France,Europe,2020-11-06,703.295
FRA,France,Europe,2020-11-07,812.365
FRA,France,Europe,2020-11-08,796.26
FRA,France,Europe,2020-11-09,617.241
FRA,France,Europe,2020-11-10,511.547
FRA,France,Europe,2020-11-11,685.946
FRA,France,Europe,2020-11-12,632.71
FRA,France,Europe,2020-11-13,554.716
FRA,France,Europe,2020-11-14,439.064
FRA,France,Europe,2020-11-15,415.023
FRA,France,Europe,2020-11-16,390.974
FRA,France,Europe,2020-11-17,439.582
FRA,France,Europe,2020-11-18,423.705
FRA,France,Europe,2020-11-19,398.56
FRA,France,Europe,2020-11-20,396.867
FRA,France,Europe,2020-11-21,366.658
FRA,France,Europe,2020-11-22,336.926
FRA,France,Europe,2020-11-23,326.379
FRA,France,Europe,2020-11-24,250.936
FRA,France,Europe,2020-11-25,225.261
FRA,France,Europe,2020-11-26,208.906
FRA,France,Europe,2020-11-27,186.726
FRA,France,Europe,2020-11-28,175.746
FRA,France,Europe,2020-11-29,168.627
FRA,France,Europe,2020-11-30,167.13
FRA,France,Europe,2020-12-01,163.838
FRA,France,Europe,2020-12-02,158.497
FRA,France,Europe,2020-12-03,158.044
FRA,France,Europe,2020-12-04,155.374
FRA,France,Europe,2020-12-05,156.23
FRA,France,Europe,2020-12-06,158.738
FRA,France,Europe,2020-12-07,156.744
FRA,France,Europe,2020-12-08,168.739
FRA,France,Europe,2020-12-09,169.684
FRA,France,Europe,2020-12-10,171.978
FRA,France,Europe,2020-12-11,176.16
FRA,France,Europe,2020-12-12,178.412
FRA,France,Europe,2020-12-13,179.647
FRA,France,Europe,2020-12-14,179.184
FRA,France,Europe,2020-12-15,174.147
FRA,France,Europe,2020-12-16,180.586
FRA,France,Europe,2020-12-17,190.156
FRA,France,Europe,2020-12-18,195.475
FRA,France,Europe,2020-12-19,202.835
FRA,France,Europe,2020-12-20,205.512
FRA,France,Europe,2020-12-21,211.365
FRA,France,Europe,2020-12-22,211.801
FRA,France,Europe,2020-12-23,206.13
FRA,France,Europe,2020-12-24,213.149
FRA,France,Europe,2020-12-25,222.15
FRA,France,Europe,2020-12-26,191.841
FRA,France,Europe,2020-12-27,183.432
FRA,France,Europe,2020-12-28,177.397
FRA,France,Europe,2020-12-29,176.621
FRA,France,Europe,2020-12-30,200.886
FRA,France,Europe,2020-12-31,197.342
FRA,France,Europe,2021-01-01,195.41
FRA,France,Europe,2021-01-02,196.198
FRA,France,Europe,2021-01-03,203.965
FRA,France,Europe,2021-01-04,206.032
FRA,France,Europe,2021-01-05,225.762
FRA,France,Europe,2021-01-06,223.051
FRA,France,Europe,2021-01-07,226.698
FRA,France,Europe,2021-01-08,227.781
FRA,France,Europe,2021-01-09,263.115
FRA,France,Europe,2021-01-10,270.407
FRA,France,Europe,2021-01-11,269.841
FRA,France,Europe,2021-01-12,267.42
FRA,France,Europe,2021-01-13,264.671
FRA,France,Europe,2021-01-14,263.96
FRA,France,Europe,2021-01-15,267.041
FRA,France,Europe,2021-01-16,269.646
FRA,France,Europe,2021-01-17,271.122
FRA,France,Europe,2021-01-18,271.084
FRA,France,Europe,2021-01-19,279.996
FRA,France,Europe,2021-01-20,286.223
FRA,France,Europe,2021-01-21,288.927
FRA,France,Europe,2021-01-22,293.171
FRA,France,Europe,2021-01-23,298.488
FRA,France,Europe,2021-01-24,302.282
FRA,France,Europe,2021-01-25,303.343
FRA,France,Europe,2021-01-26,299.639
FRA,France,Europe,2021-01-27,299.795
FRA,France,Europe,2021-01-28,302.43
FRA,France,Europe,2021-01-29,302.241
FRA,France,Europe,2021-01-30,302.497
FRA,France,Europe,2021-01-31,304.187
FRA,France,Europe,2021-02-01,304.373
FRA,France,Europe,2021-02-02,306.897
FRA,France,Europe,2021-02-03,305.745
FRA,France,Europe,2021-02-04,255.135
FRA,France,Europe,2021-02-05,302.438
FRA,France,Europe,2021-02-06,295.129
FRA,France,Europe,2021-02-07,296.144
FRA,France,Europe,2021-02-08,296.048
FRA,France,Europe,2021-02-09,286.637
FRA,France,Europe,2021-02-10,285.098
FRA,France,Europe,2021-02-11,329.619
FRA,France,Europe,2021-02-12,276.974
FRA,France,Europe,2021-02-13,278.334
FRA,France,Europe,2021-02-14,271.634
FRA,France,Europe,2021-02-15,271.767
FRA,France,Europe,2021-02-16,273.268
FRA,France,Europe,2021-02-17,272.228
FRA,France,Europe,2021-02-18,275.277
FRA,France,Europe,2021-02-19,282.504
FRA,France,Europe,2021-02-20,284.914
FRA,France,Europe,2021-02-21,296.543
FRA,France,Europe,2021-02-22,297.067
FRA,France,Europe,2021-02-23,298.302
FRA,France,Europe,2021-02-24,311.71
FRA,France,Europe,2021-02-25,317.833
FRA,France,Europe,2021-02-26,320.135
FRA,France,Europe,2021-02-27,323.571
FRA,France,Europe,2021-02-28,319.144
FRA,France,Europe,2021-03-01,319.305
FRA,France,Europe,2021-03-02,324.996
FRA,France,Europe,2021-03-03,315.22
FRA,France,Europe,2021-03-04,314.949
FRA,France,Europe,2021-03-05,311.335
FRA,France,Europe,2021-03-06,309.876
FRA,France,Europe,2021-03-07,313.858
FRA,France,Europe,2021-03-08,315.558
FRA,France,Europe,2021-03-09,316.131
FRA,France,Europe,2021-03-10,321.99
FRA,France,Europe,2021-03-11,328.001
FRA,France,Europe,2021-03-12,331.532
FRA,France,Europe,2021-03-13,345.246
FRA,France,Europe,2021-03-14,354.786
FRA,France,Europe,2021-03-15,356.767
FRA,France,Europe,2021-03-16,371.405
FRA,France,Europe,2021-03-17,390.069
FRA,France,Europe,2021-03-18,404.726
FRA,France,Europe,2021-03-19,425.914
FRA,France,Europe,2021-03-20,437.643
FRA,France,Europe,2021-03-21,446.608
FRA,France,Europe,2021-03-22,466.36
FRA,France,Europe,2021-03-23,433.864
FRA,France,Europe,2021-03-24,490.722
FRA,France,Europe,2021-03-25,513.133
FRA,France,Europe,2021-03-26,527.242
FRA,France,Europe,2021-03-27,542.667
FRA,France,Europe,2021-03-28,556.271
FRA,France,Europe,2021-03-29,542.098
FRA,France,Europe,2021-03-30,575.975
FRA,France,Europe,2021-03-31,562.573
FRA,France,Europe,2021-04-01,573.253
FRA,France,Europe,2021-04-02,583.417
FRA,France,Europe,2021-04-03,493.458
FRA,France,Europe,2021-04-04,585.663
FRA,France,Europe,2021-04-05,589.23
FRA,France,Europe,2021-04-06,541.307
FRA,France,Europe,2021-04-07,418.474
FRA,France,Europe,2021-04-08,516.706
FRA,France,Europe,2021-04-09,418.347
FRA,France,Europe,2021-04-10,421.06
FRA,France,Europe,2021-04-11,499.865
FRA,France,Europe,2021-04-12,495.124
FRA,France,Europe,2021-04-13,560.821
FRA,France,Europe,2021-04-14,650.782
FRA,France,Europe,2021-04-15,525.844
FRA,France,Europe,2021-04-16,602.58
FRA,France,Europe,2021-04-17,675.528
FRA,France,Europe,2021-04-18,488.289
FRA,France,Europe,2021-04-19,484.383
FRA,France,Europe,2021-04-20,494.852
FRA,France,Europe,2021-04-21,476.704
FRA,France,Europe,2021-04-22,466.902
FRA,France,Europe,2021-04-23,458.209
FRA,France,Europe,2021-04-24,451.38
FRA,France,Europe,2021-04-25,441.062
FRA,France,Europe,2021-04-26,439.478
FRA,France,Europe,2021-04-27,410.399
FRA,France,Europe,2021-04-28,403.332
FRA,France,Europe,2021-04-29,388.75
FRA,France,Europe,2021-04-30,371.754
FRA,France,Europe,2021-05-01,357.013
FRA,France,Europe,2021-05-02,326.191
FRA,France,Europe,2021-05-03,321.556
FRA,France,Europe,2021-05-04,308.984
FRA,France,Europe,2021-05-05,297.19
FRA,France,Europe,2021-05-06,287.028
FRA,France,Europe,2021-05-07,276.11
FRA,France,Europe,2021-05-08,265.696
FRA,France,Europe,2021-05-09,264.089
FRA,France,Europe,2021-05-10,263.1
FRA,France,Europe,2021-05-11,253.403
FRA,France,Europe,2021-05-12,243.876
FRA,France,Europe,2021-05-13,239.053
FRA,France,Europe,2021-05-14,213.479
FRA,France,Europe,2021-05-15,202.781
FRA,France,Europe,2021-05-16,212.972
FRA,France,Europe,2021-05-17,213.082
FRA,France,Europe,2021-05-18,207.652
FRA,France,Europe,2021-05-19,202.491
FRA,France,Europe,2021-05-20,161.343
FRA,France,Europe,2021-05-21,173.522
FRA,France,Europe,2021-05-22,167.022
FRA,France,Europe,2021-05-23,158.049
FRA,France,Europe,2021-05-24,155.678
FRA,France,Europe,2021-05-25,125.933
FRA,France,Europe,2021-05-26,112.401
FRA,France,Europe,2021-05-27,141.861
FRA,France,Europe,2021-05-28,138.628
FRA,France,Europe,2021-05-29,136.336
FRA,France,Europe,2021-05-30,133.877
FRA,France,Europe,2021-05-31,129.944
FRA,France,Europe,2021-06-01,144.106
FRA,France,Europe,2021-06-02,120.207
FRA,France,Europe,2021-06-03,123.91
FRA,France,Europe,2021-06-04,114.784
FRA,France,Europe,2021-06-05,104.48
FRA,France,Europe,2021-06-06,97.141
FRA,France,Europe,2021-06-07,98.841
FRA,France,Europe,2021-06-08,90.739
FRA,France,Europe,2021-06-09,99.651
FRA,France,Europe,2021-06-10,75.968
FRA,France,Europe,2021-06-11,69.458
FRA,France,Europe,2021-06-12,63.787
FRA,France,Europe,2021-06-13,59.104
FRA,France,Europe,2021-06-14,58.097
FRA,France,Europe,2021-06-15,52.223
FRA,France,Europe,2021-06-16,46.927
FRA,France,Europe,2021-06-17,41.977
FRA,France,Europe,2021-06-18,40.514
FRA,France,Europe,2021-06-19,37.664
FRA,France,Europe,2021-06-20,35.467
FRA,France,Europe,2021-06-21,35.04
FRA,France,Europe,2021-06-22,32.862
FRA,France,Europe,2021-06-23,31.31
FRA,France,Europe,2021-06-24,31.329
FRA,France,Europe,2021-06-25,28.794
FRA,France,Europe,2021-06-26,27.745
FRA,France,Europe,2021-06-27,27.242
FRA,France,Europe,2021-06-28,27.288
FRA,France,Europe,2021-06-29,29.788
FRA,France,Europe,2021-06-30,27.779
FRA,France,Europe,2021-07-01,28.864
FRA,France,Europe,2021-07-02,30.341
FRA,France,Europe,2021-07-03,32.198
FRA,France,Europe,2021-07-04,34.251
FRA,France,Europe,2021-07-05,34.851
ESP,Espagne,Europe,2020-02-06,0.003
ESP,Espagne,Europe,2020-02-07,0.003
ESP,Espagne,Europe,2020-02-09,0.003
ESP,Espagne,Europe,2020-02-10,0.003
ESP,Espagne,Europe,2020-02-11,0.003
ESP,Espagne,Europe,2020-02-12,0.003
ESP,Espagne,Europe,2020-02-13,0.003
ESP,Espagne,Europe,2020-02-14,0.003
ESP,Espagne,Europe,2020-02-15,0.003
ESP,Espagne,Europe,2020-02-25,0.012
ESP,Espagne,Europe,2020-02-26,0.034
ESP,Espagne,Europe,2020-02-27,0.04
ESP,Espagne,Europe,2020-02-28,0.092
ESP,Espagne,Europe,2020-02-29,0.131
ESP,Espagne,Europe,2020-03-01,0.251
ESP,Espagne,Europe,2020-03-02,0.361
ESP,Espagne,Europe,2020-03-03,0.486
ESP,Espagne,Europe,2020-03-04,0.639
ESP,Espagne,Europe,2020-03-05,0.746
ESP,Espagne,Europe,2020-03-06,1.124
ESP,Espagne,Europe,2020-03-07,1.39
ESP,Espagne,Europe,2020-03-08,1.8
ESP,Espagne,Europe,2020-03-09,2.912
ESP,Espagne,Europe,2020-03-10,4.675
ESP,Espagne,Europe,2020-03-11,6.279
ESP,Espagne,Europe,2020-03-12,6.166
ESP,Espagne,Europe,2020-03-13,14.764
ESP,Espagne,Europe,2020-03-14,18
ESP,Espagne,Europe,2020-03-15,21.77
ESP,Espagne,Europe,2020-03-16,27.099
ESP,Espagne,Europe,2020-03-17,30.716
ESP,Espagne,Europe,2020-03-18,35.544
ESP,Espagne,Europe,2020-03-19,47.928
ESP,Espagne,Europe,2020-03-20,46.376
ESP,Espagne,Europe,2020-03-21,58.002
ESP,Espagne,Europe,2020-03-22,64.073
ESP,Espagne,Europe,2020-03-23,76.979
ESP,Espagne,Europe,2020-03-24,85.971
ESP,Espagne,Europe,2020-03-25,108.789
ESP,Espagne,Europe,2020-03-26,121.677
ESP,Espagne,Europe,2020-03-27,138.44
ESP,Espagne,Europe,2020-03-28,146.237
ESP,Espagne,Europe,2020-03-29,156.873
ESP,Espagne,Europe,2020-03-30,161.389
ESP,Espagne,Europe,2020-03-31,171.222
ESP,Espagne,Europe,2020-04-01,166.837
ESP,Espagne,Europe,2020-04-02,165.847
ESP,Espagne,Europe,2020-04-03,163.406
ESP,Espagne,Europe,2020-04-04,161.734
ESP,Espagne,Europe,2020-04-05,157.466
ESP,Espagne,Europe,2020-04-06,148.859
ESP,Espagne,Europe,2020-04-07,140.609
ESP,Espagne,Europe,2020-04-08,134.752
ESP,Espagne,Europe,2020-04-09,125.753
ESP,Espagne,Europe,2020-04-10,119.389
ESP,Espagne,Europe,2020-04-11,112.621
ESP,Espagne,Europe,2020-04-12,107.506
ESP,Espagne,Europe,2020-04-13,102.126
ESP,Espagne,Europe,2020-04-14,93.494
ESP,Espagne,Europe,2020-04-15,89.904
ESP,Espagne,Europe,2020-04-16,96.937
ESP,Espagne,Europe,2020-04-17,99.504
ESP,Espagne,Europe,2020-04-18,87.689
ESP,Espagne,Europe,2020-04-19,97.295
ESP,Espagne,Europe,2020-04-20,92.003
ESP,Espagne,Europe,2020-04-21,96.665
ESP,Espagne,Europe,2020-04-22,93.94
ESP,Espagne,Europe,2020-04-23,85.785
ESP,Espagne,Europe,2020-04-24,37.127
ESP,Espagne,Europe,2020-04-25,43.323
ESP,Espagne,Europe,2020-04-26,27.377
ESP,Espagne,Europe,2020-04-27,28.278
ESP,Espagne,Europe,2020-04-28,20.151
ESP,Espagne,Europe,2020-04-29,13.835
ESP,Espagne,Europe,2020-04-30,1.256
ESP,Espagne,Europe,2020-05-01,37.356
ESP,Espagne,Europe,2020-05-02,32.623
ESP,Espagne,Europe,2020-05-03,30.041
ESP,Espagne,Europe,2020-05-04,26.112
ESP,Espagne,Europe,2020-05-05,26.142
ESP,Espagne,Europe,2020-05-06,22.635
ESP,Espagne,Europe,2020-05-07,24.48
ESP,Espagne,Europe,2020-05-08,23.347
ESP,Espagne,Europe,2020-05-09,21.376
ESP,Espagne,Europe,2020-05-10,21.034
ESP,Espagne,Europe,2020-05-11,28.798
ESP,Espagne,Europe,2020-05-12,26.586
ESP,Espagne,Europe,2020-05-13,25.562
ESP,Espagne,Europe,2020-05-14,24.728
ESP,Espagne,Europe,2020-05-15,22.384
ESP,Espagne,Europe,2020-05-16,21.755
ESP,Espagne,Europe,2020-05-17,19.396
ESP,Espagne,Europe,2020-05-18,12.741
ESP,Espagne,Europe,2020-05-19,12.243
ESP,Espagne,Europe,2020-05-20,11.806
ESP,Espagne,Europe,2020-05-21,10.685
ESP,Espagne,Europe,2020-05-22,14.18
ESP,Espagne,Europe,2020-05-23,14.031
ESP,Espagne,Europe,2020-05-24,15.503
ESP,Espagne,Europe,2020-05-25,11.592
ESP,Espagne,Europe,2020-05-26,12.9
ESP,Espagne,Europe,2020-05-27,11.317
ESP,Espagne,Europe,2020-05-28,14.877
ESP,Espagne,Europe,2020-05-29,11.427
ESP,Espagne,Europe,2020-05-30,12.032
ESP,Espagne,Europe,2020-05-31,11.327
ESP,Espagne,Europe,2020-06-01,12.949
ESP,Espagne,Europe,2020-06-02,11.223
ESP,Espagne,Europe,2020-06-03,12.427
ESP,Espagne,Europe,2020-06-04,8.415
ESP,Espagne,Europe,2020-06-05,7.376
ESP,Espagne,Europe,2020-06-06,6.361
ESP,Espagne,Europe,2020-06-07,6.328
ESP,Espagne,Europe,2020-06-08,6.352
ESP,Espagne,Europe,2020-06-09,6.215
ESP,Espagne,Europe,2020-06-10,5.97
ESP,Espagne,Europe,2020-06-11,6.255
ESP,Espagne,Europe,2020-06-12,6.817
ESP,Espagne,Europe,2020-06-13,7.012
ESP,Espagne,Europe,2020-06-14,7.266
ESP,Espagne,Europe,2020-06-15,7.309
ESP,Espagne,Europe,2020-06-16,7.217
ESP,Espagne,Europe,2020-06-17,7.342
ESP,Espagne,Europe,2020-06-18,7.825
ESP,Espagne,Europe,2020-06-19,7.229
ESP,Espagne,Europe,2020-06-20,7.128
ESP,Espagne,Europe,2020-06-21,7.162
ESP,Espagne,Europe,2020-06-22,7.318
ESP,Espagne,Europe,2020-06-23,7.406
ESP,Espagne,Europe,2020-06-24,7.342
ESP,Espagne,Europe,2020-06-25,6.777
ESP,Espagne,Europe,2020-06-26,7.119
ESP,Espagne,Europe,2020-06-27,7.733
ESP,Espagne,Europe,2020-06-28,7.633
ESP,Espagne,Europe,2020-06-29,7.535
ESP,Espagne,Europe,2020-06-30,7.697
ESP,Espagne,Europe,2020-07-01,7.862
ESP,Espagne,Europe,2020-07-02,7.996
ESP,Espagne,Europe,2020-07-03,8.066
ESP,Espagne,Europe,2020-07-04,6.343
ESP,Espagne,Europe,2020-07-05,5.423
ESP,Espagne,Europe,2020-07-06,8.613
ESP,Espagne,Europe,2020-07-07,8.736
ESP,Espagne,Europe,2020-07-08,8.72
ESP,Espagne,Europe,2020-07-09,9.023
ESP,Espagne,Europe,2020-07-10,10.275
ESP,Espagne,Europe,2020-07-11,10.275
ESP,Espagne,Europe,2020-07-12,10.275
ESP,Espagne,Europe,2020-07-13,12.723
ESP,Espagne,Europe,2020-07-14,13.716
ESP,Espagne,Europe,2020-07-15,15.219
ESP,Espagne,Europe,2020-07-16,17.719
ESP,Espagne,Europe,2020-07-17,19.393
ESP,Espagne,Europe,2020-07-18,19.393
ESP,Espagne,Europe,2020-07-19,19.393
ESP,Espagne,Europe,2020-07-20,27.142
ESP,Espagne,Europe,2020-07-21,29.256
ESP,Espagne,Europe,2020-07-22,30.729
ESP,Espagne,Europe,2020-07-23,34.56
ESP,Espagne,Europe,2020-07-24,37.173
ESP,Espagne,Europe,2020-07-25,37.173
ESP,Espagne,Europe,2020-07-26,37.173
ESP,Espagne,Europe,2020-07-27,42.611
ESP,Espagne,Europe,2020-07-28,44.047
ESP,Espagne,Europe,2020-07-29,46.107
ESP,Espagne,Europe,2020-07-30,46.638
ESP,Espagne,Europe,2020-07-31,49.196
ESP,Espagne,Europe,2020-08-01,49.196
ESP,Espagne,Europe,2020-08-02,49.196
ESP,Espagne,Europe,2020-08-03,55.829
ESP,Espagne,Europe,2020-08-04,67.843
ESP,Espagne,Europe,2020-08-05,70.66
ESP,Espagne,Europe,2020-08-06,74.629
ESP,Espagne,Europe,2020-08-07,78.953
ESP,Espagne,Europe,2020-08-08,78.953
ESP,Espagne,Europe,2020-08-09,78.953
ESP,Espagne,Europe,2020-08-10,79.216
ESP,Espagne,Europe,2020-08-11,72.714
ESP,Espagne,Europe,2020-08-12,73.383
ESP,Espagne,Europe,2020-08-13,83.961
ESP,Espagne,Europe,2020-08-14,86.931
ESP,Espagne,Europe,2020-08-15,86.931
ESP,Espagne,Europe,2020-08-16,86.931
ESP,Espagne,Europe,2020-08-17,110.308
ESP,Espagne,Europe,2020-08-18,114.836
ESP,Espagne,Europe,2020-08-19,125.527
ESP,Espagne,Europe,2020-08-20,123.966
ESP,Espagne,Europe,2020-08-21,132.121
ESP,Espagne,Europe,2020-08-22,132.121
ESP,Espagne,Europe,2020-08-23,132.121
ESP,Espagne,Europe,2020-08-24,141.633
ESP,Espagne,Europe,2020-08-25,147.753
ESP,Espagne,Europe,2020-08-26,149.662
ESP,Espagne,Europe,2020-08-27,157.665
ESP,Espagne,Europe,2020-08-28,162.648
ESP,Espagne,Europe,2020-08-29,162.648
ESP,Espagne,Europe,2020-08-30,162.648
ESP,Espagne,Europe,2020-08-31,175.45
ESP,Espagne,Europe,2020-09-01,178.5
ESP,Espagne,Europe,2020-09-02,182.426
ESP,Espagne,Europe,2020-09-03,180.29
ESP,Espagne,Europe,2020-09-04,182.42
ESP,Espagne,Europe,2020-09-05,182.42
ESP,Espagne,Europe,2020-09-06,182.42
ESP,Espagne,Europe,2020-09-07,191.55
ESP,Espagne,Europe,2020-09-08,194.144
ESP,Espagne,Europe,2020-09-09,195.014
ESP,Espagne,Europe,2020-09-10,200.53
ESP,Espagne,Europe,2020-09-11,205.745
ESP,Espagne,Europe,2020-09-12,205.745
ESP,Espagne,Europe,2020-09-13,205.745
ESP,Espagne,Europe,2020-09-14,208.324
ESP,Espagne,Europe,2020-09-15,209.769
ESP,Espagne,Europe,2020-09-16,216.879
ESP,Espagne,Europe,2020-09-17,218.489
ESP,Espagne,Europe,2020-09-18,225.23
ESP,Espagne,Europe,2020-09-19,225.23
ESP,Espagne,Europe,2020-09-20,225.23
ESP,Espagne,Europe,2020-09-21,237.525
ESP,Espagne,Europe,2020-09-22,241.687
ESP,Espagne,Europe,2020-09-23,241.98
ESP,Espagne,Europe,2020-09-24,240.03
ESP,Espagne,Europe,2020-09-25,233.562
ESP,Espagne,Europe,2020-09-26,233.562
ESP,Espagne,Europe,2020-09-27,233.562
ESP,Espagne,Europe,2020-09-28,234.653
ESP,Espagne,Europe,2020-09-29,201.657
ESP,Espagne,Europe,2020-09-30,231.09
ESP,Espagne,Europe,2020-10-01,227.32
ESP,Espagne,Europe,2020-10-02,224.426
ESP,Espagne,Europe,2020-10-03,224.426
ESP,Espagne,Europe,2020-10-04,224.426
ESP,Espagne,Europe,2020-10-05,199.051
ESP,Espagne,Europe,2020-10-06,235.71
ESP,Espagne,Europe,2020-10-07,203.839
ESP,Espagne,Europe,2020-10-08,213.017
ESP,Espagne,Europe,2020-10-09,217.487
ESP,Espagne,Europe,2020-10-10,217.487
ESP,Espagne,Europe,2020-10-11,217.487
ESP,Espagne,Europe,2020-10-12,230.858
ESP,Espagne,Europe,2020-10-13,215.947
ESP,Espagne,Europe,2020-10-14,220.466
ESP,Espagne,Europe,2020-10-15,223.201
ESP,Espagne,Europe,2020-10-16,230.528
ESP,Espagne,Europe,2020-10-17,230.528
ESP,Espagne,Europe,2020-10-18,230.528
ESP,Espagne,Europe,2020-10-19,261.183
ESP,Espagne,Europe,2020-10-20,281.823
ESP,Espagne,Europe,2020-10-21,297.109
ESP,Espagne,Europe,2020-10-22,320.539
ESP,Espagne,Europe,2020-10-23,334.792
ESP,Espagne,Europe,2020-10-24,334.792
ESP,Espagne,Europe,2020-10-25,334.792
ESP,Espagne,Europe,2020-10-26,378.482
ESP,Espagne,Europe,2020-10-27,392.369
ESP,Espagne,Europe,2020-10-28,400.9
ESP,Espagne,Europe,2020-10-29,408.826
ESP,Espagne,Europe,2020-10-30,426.377
ESP,Espagne,Europe,2020-10-31,426.377
ESP,Espagne,Europe,2020-11-01,426.377
ESP,Espagne,Europe,2020-11-02,435.027
ESP,Espagne,Europe,2020-11-03,435.793
ESP,Espagne,Europe,2020-11-04,451.917
ESP,Espagne,Europe,2020-11-05,446.808
ESP,Espagne,Europe,2020-11-06,437.401
ESP,Espagne,Europe,2020-11-07,437.401
ESP,Espagne,Europe,2020-11-08,437.401
ESP,Espagne,Europe,2020-11-09,429.356
ESP,Espagne,Europe,2020-11-10,372.313
ESP,Espagne,Europe,2020-11-11,407.295
ESP,Espagne,Europe,2020-11-12,399.971
ESP,Espagne,Europe,2020-11-13,396.473
ESP,Espagne,Europe,2020-11-14,396.473
ESP,Espagne,Europe,2020-11-15,396.473
ESP,Espagne,Europe,2020-11-16,353.351
ESP,Espagne,Europe,2020-11-17,393.558
ESP,Espagne,Europe,2020-11-18,328.865
ESP,Espagne,Europe,2020-11-19,318.849
ESP,Espagne,Europe,2020-11-20,299.859
ESP,Espagne,Europe,2020-11-21,299.859
ESP,Espagne,Europe,2020-11-22,299.859
ESP,Espagne,Europe,2020-11-23,262.011
ESP,Espagne,Europe,2020-11-24,259.167
ESP,Espagne,Europe,2020-11-25,243.596
ESP,Espagne,Europe,2020-11-26,231.545
ESP,Espagne,Europe,2020-11-27,218.398
ESP,Espagne,Europe,2020-11-28,218.398
ESP,Espagne,Europe,2020-11-29,218.398
ESP,Espagne,Europe,2020-11-30,200.349
ESP,Espagne,Europe,2020-12-01,188.216
ESP,Espagne,Europe,2020-12-02,185.494
ESP,Espagne,Europe,2020-12-03,178.888
ESP,Espagne,Europe,2020-12-04,172.447
ESP,Espagne,Europe,2020-12-05,172.447
ESP,Espagne,Europe,2020-12-06,172.447
ESP,Espagne,Europe,2020-12-07,165.425
ESP,Espagne,Europe,2020-12-08,140.197
ESP,Espagne,Europe,2020-12-09,141.547
ESP,Espagne,Europe,2020-12-10,134.911
ESP,Espagne,Europe,2020-12-11,140.331
ESP,Espagne,Europe,2020-12-12,140.331
ESP,Espagne,Europe,2020-12-13,140.331
ESP,Espagne,Europe,2020-12-14,151.416
ESP,Espagne,Europe,2020-12-15,182.973
ESP,Espagne,Europe,2020-12-16,186.96
ESP,Espagne,Europe,2020-12-17,199.72
ESP,Espagne,Europe,2020-12-18,203.68
ESP,Espagne,Europe,2020-12-19,203.68
ESP,Espagne,Europe,2020-12-20,203.68
ESP,Espagne,Europe,2020-12-21,205.831
ESP,Espagne,Europe,2020-12-22,206.827
ESP,Espagne,Europe,2020-12-23,210.823
ESP,Espagne,Europe,2020-12-24,212.446
ESP,Espagne,Europe,2020-12-25,176.346
ESP,Espagne,Europe,2020-12-26,176.346
ESP,Espagne,Europe,2020-12-27,176.346
ESP,Espagne,Europe,2020-12-28,183.828
ESP,Espagne,Europe,2020-12-29,194.324
ESP,Espagne,Europe,2020-12-30,207.554
ESP,Espagne,Europe,2020-12-31,224.008
ESP,Espagne,Europe,2021-01-01,224.008
ESP,Espagne,Europe,2021-01-02,224.008
ESP,Espagne,Europe,2021-01-03,224.008
ESP,Espagne,Europe,2021-01-04,242.698
ESP,Espagne,Europe,2021-01-05,272.064
ESP,Espagne,Europe,2021-01-06,220.989
ESP,Espagne,Europe,2021-01-07,295.276
ESP,Espagne,Europe,2021-01-08,373.056
ESP,Espagne,Europe,2021-01-09,373.056
ESP,Espagne,Europe,2021-01-10,373.056
ESP,Espagne,Europe,2021-01-11,467.295
ESP,Espagne,Europe,2021-01-12,472.606
ESP,Espagne,Europe,2021-01-13,591.368
ESP,Espagne,Europe,2021-01-14,571.563
ESP,Espagne,Europe,2021-01-15,616.603
ESP,Espagne,Europe,2021-01-16,616.603
ESP,Espagne,Europe,2021-01-17,616.603
ESP,Espagne,Europe,2021-01-18,686.466
ESP,Espagne,Europe,2021-01-19,713.516
ESP,Espagne,Europe,2021-01-20,721.787
ESP,Espagne,Europe,2021-01-21,747.694
ESP,Espagne,Europe,2021-01-22,755.907
ESP,Espagne,Europe,2021-01-23,755.907
ESP,Espagne,Europe,2021-01-24,755.907
ESP,Espagne,Europe,2021-01-25,785.041
ESP,Espagne,Europe,2021-01-26,791.592
ESP,Espagne,Europe,2021-01-27,787.647
ESP,Espagne,Europe,2021-01-28,758.749
ESP,Espagne,Europe,2021-01-29,744.184
ESP,Espagne,Europe,2021-01-30,744.184
ESP,Espagne,Europe,2021-01-31,744.184
ESP,Espagne,Europe,2021-02-01,700.992
ESP,Espagne,Europe,2021-02-02,678.47
ESP,Espagne,Europe,2021-02-03,651.921
ESP,Espagne,Europe,2021-02-04,636.83
ESP,Espagne,Europe,2021-02-05,607.641
ESP,Espagne,Europe,2021-02-06,607.641
ESP,Espagne,Europe,2021-02-07,607.641
ESP,Espagne,Europe,2021-02-08,508.061
ESP,Espagne,Europe,2021-02-09,469.373
ESP,Espagne,Europe,2021-02-10,428.179
ESP,Espagne,Europe,2021-02-11,391.187
ESP,Espagne,Europe,2021-02-12,348.459
ESP,Espagne,Europe,2021-02-13,348.459
ESP,Espagne,Europe,2021-02-14,348.459
ESP,Espagne,Europe,2021-02-15,296.993
ESP,Espagne,Europe,2021-02-16,277.606
ESP,Espagne,Europe,2021-02-17,255.347
ESP,Espagne,Europe,2021-02-18,245.148
ESP,Espagne,Europe,2021-02-19,235.536
ESP,Espagne,Europe,2021-02-20,235.536
ESP,Espagne,Europe,2021-02-21,235.536
ESP,Espagne,Europe,2021-02-22,206.808
ESP,Espagne,Europe,2021-02-23,198.877
ESP,Espagne,Europe,2021-02-24,193.936
ESP,Espagne,Europe,2021-02-25,178.821
ESP,Espagne,Europe,2021-02-26,169.367
ESP,Espagne,Europe,2021-02-27,169.367
ESP,Espagne,Europe,2021-02-28,169.367
ESP,Espagne,Europe,2021-03-01,154.484
ESP,Espagne,Europe,2021-03-09,106.324
ESP,Espagne,Europe,2021-03-10,109.324
ESP,Espagne,Europe,2021-03-11,109.99
ESP,Espagne,Europe,2021-03-12,106
ESP,Espagne,Europe,2021-03-13,106
ESP,Espagne,Europe,2021-03-14,106
ESP,Espagne,Europe,2021-03-15,104.167
ESP,Espagne,Europe,2021-03-16,107.069
ESP,Espagne,Europe,2021-03-17,103.931
ESP,Espagne,Europe,2021-03-18,103.812
ESP,Espagne,Europe,2021-03-19,87.472
ESP,Espagne,Europe,2021-03-20,87.472
ESP,Espagne,Europe,2021-03-21,87.472
ESP,Espagne,Europe,2021-03-22,103.094
ESP,Espagne,Europe,2021-03-23,104.787
ESP,Espagne,Europe,2021-03-24,86.173
ESP,Espagne,Europe,2021-03-25,108.181
ESP,Espagne,Europe,2021-03-26,131.36
ESP,Espagne,Europe,2021-03-27,131.36
ESP,Espagne,Europe,2021-03-28,131.36
ESP,Espagne,Europe,2021-03-29,128.396
ESP,Espagne,Europe,2021-03-30,126.801
ESP,Espagne,Europe,2021-03-31,152.877
ESP,Espagne,Europe,2021-04-01,133.389
ESP,Espagne,Europe,2021-04-02,110.21
ESP,Espagne,Europe,2021-04-03,139.454
ESP,Espagne,Europe,2021-04-04,139.454
ESP,Espagne,Europe,2021-04-05,123.746
ESP,Espagne,Europe,2021-04-06,128.723
ESP,Espagne,Europe,2021-04-07,129.499
ESP,Espagne,Europe,2021-04-08,138.238
ESP,Espagne,Europe,2021-04-09,171.466
ESP,Espagne,Europe,2021-04-10,142.222
ESP,Espagne,Europe,2021-04-11,142.222
ESP,Espagne,Europe,2021-04-12,180.061
ESP,Espagne,Europe,2021-04-13,179.05
ESP,Espagne,Europe,2021-04-14,184.201
ESP,Espagne,Europe,2021-04-15,183.474
ESP,Espagne,Europe,2021-04-16,182.628
ESP,Espagne,Europe,2021-04-17,182.628
ESP,Espagne,Europe,2021-04-18,182.628
ESP,Espagne,Europe,2021-04-19,177.516
ESP,Espagne,Europe,2021-04-20,158.291
ESP,Espagne,Europe,2021-04-21,180.425
ESP,Espagne,Europe,2021-04-22,183.941
ESP,Espagne,Europe,2021-04-23,187.403
ESP,Espagne,Europe,2021-04-24,187.403
ESP,Espagne,Europe,2021-04-25,187.403
ESP,Espagne,Europe,2021-04-26,183.679
ESP,Espagne,Europe,2021-04-27,207.099
ESP,Espagne,Europe,2021-04-28,179.438
ESP,Espagne,Europe,2021-04-29,177.388
ESP,Espagne,Europe,2021-04-30,169.456
ESP,Espagne,Europe,2021-05-01,169.456
ESP,Espagne,Europe,2021-05-02,169.456
ESP,Espagne,Europe,2021-05-03,158.765
ESP,Espagne,Europe,2021-05-04,149.14
ESP,Espagne,Europe,2021-05-05,141.966
ESP,Espagne,Europe,2021-05-06,135.296
ESP,Espagne,Europe,2021-05-07,132.396
ESP,Espagne,Europe,2021-05-08,132.396
ESP,Espagne,Europe,2021-05-09,132.396
ESP,Espagne,Europe,2021-05-10,125.158
ESP,Espagne,Europe,2021-05-11,126.459
ESP,Espagne,Europe,2021-05-12,126.768
ESP,Espagne,Europe,2021-05-13,119.866
ESP,Espagne,Europe,2021-05-14,114.247
ESP,Espagne,Europe,2021-05-15,114.247
ESP,Espagne,Europe,2021-05-16,114.247
ESP,Espagne,Europe,2021-05-17,105.315
ESP,Espagne,Europe,2021-05-18,102.404
ESP,Espagne,Europe,2021-05-19,101.371
ESP,Espagne,Europe,2021-05-20,101.469
ESP,Espagne,Europe,2021-05-21,96.717
ESP,Espagne,Europe,2021-05-22,96.717
ESP,Espagne,Europe,2021-05-23,96.717
ESP,Espagne,Europe,2021-05-24,96.736
ESP,Espagne,Europe,2021-05-25,100.925
ESP,Espagne,Europe,2021-05-26,97.646
ESP,Espagne,Europe,2021-05-27,96.293
ESP,Espagne,Europe,2021-05-28,98.401
ESP,Espagne,Europe,2021-05-29,98.401
ESP,Espagne,Europe,2021-05-30,98.401
ESP,Espagne,Europe,2021-05-31,94.322
ESP,Espagne,Europe,2021-06-01,91.355
ESP,Espagne,Europe,2021-06-02,91.285
ESP,Espagne,Europe,2021-06-03,91.163
ESP,Espagne,Europe,2021-06-04,89.595
ESP,Espagne,Europe,2021-06-05,89.595
ESP,Espagne,Europe,2021-06-06,89.595
ESP,Espagne,Europe,2021-06-07,89.015
ESP,Espagne,Europe,2021-06-08,86.314
ESP,Espagne,Europe,2021-06-09,84.612
ESP,Espagne,Europe,2021-06-10,111.359
ESP,Espagne,Europe,2021-06-11,108.832
ESP,Espagne,Europe,2021-06-12,108.832
ESP,Espagne,Europe,2021-06-13,108.832
ESP,Espagne,Europe,2021-06-14,104.631
ESP,Espagne,Europe,2021-06-15,104.411
ESP,Espagne,Europe,2021-06-16,102.593
ESP,Espagne,Europe,2021-06-17,72.628
ESP,Espagne,Europe,2021-06-18,72.848
ESP,Espagne,Europe,2021-06-19,72.848
ESP,Espagne,Europe,2021-06-20,72.848
ESP,Espagne,Europe,2021-06-21,69.921
ESP,Espagne,Europe,2021-06-22,71.779
ESP,Espagne,Europe,2021-06-23,73.334
ESP,Espagne,Europe,2021-06-24,74.281
ESP,Espagne,Europe,2021-06-25,76.451
ESP,Espagne,Europe,2021-06-26,76.451
ESP,Espagne,Europe,2021-06-27,76.451
ESP,Espagne,Europe,2021-06-28,85.525
ESP,Espagne,Europe,2021-06-29,94.847
ESP,Espagne,Europe,2021-06-30,109.776
ESP,Espagne,Europe,2021-07-01,133.725
ESP,Espagne,Europe,2021-07-02,157.066
ESP,Espagne,Europe,2021-07-03,157.066
ESP,Espagne,Europe,2021-07-04,157.066
ESP,Espagne,Europe,2021-07-05,225.593
TUR,Turquie,Asia,2020-03-16,0.03
TUR,Turquie,Asia,2020-03-17,0.08
TUR,Turquie,Asia,2020-03-18,0.164
TUR,Turquie,Asia,2020-03-19,0.324
TUR,Turquie,Asia,2020-03-20,0.6
TUR,Turquie,Asia,2020-03-21,1.126
TUR,Turquie,Asia,2020-03-22,2.083
TUR,Turquie,Asia,2020-03-23,2.559
TUR,Turquie,Asia,2020-03-24,3.091
TUR,Turquie,Asia,2020-03-25,3.955
TUR,Turquie,Asia,2020-03-26,5.822
TUR,Turquie,Asia,2020-03-27,9.043
TUR,Turquie,Asia,2020-03-28,11.403
TUR,Turquie,Asia,2020-03-29,13.519
TUR,Turquie,Asia,2020-03-30,15.749
TUR,Turquie,Asia,2020-03-31,19.749
TUR,Turquie,Asia,2020-04-01,22.437
TUR,Turquie,Asia,2020-04-02,24.571
TUR,Turquie,Asia,2020-04-03,25.785
TUR,Turquie,Asia,2020-04-04,28.003
TUR,Turquie,Asia,2020-04-05,30.238
TUR,Turquie,Asia,2020-04-06,32.844
TUR,Turquie,Asia,2020-04-07,34.856
TUR,Turquie,Asia,2020-04-08,38.191
TUR,Turquie,Asia,2020-04-09,40.901
TUR,Turquie,Asia,2020-04-10,44.223
TUR,Turquie,Asia,2020-04-11,47.822
TUR,Turquie,Asia,2020-04-12,50.624
TUR,Turquie,Asia,2020-04-13,52.225
TUR,Turquie,Asia,2020-04-14,52.513
TUR,Turquie,Asia,2020-04-15,52.79
TUR,Turquie,Asia,2020-04-16,54.052
TUR,Turquie,Asia,2020-04-17,53.385
TUR,Turquie,Asia,2020-04-18,51.09
TUR,Turquie,Asia,2020-04-19,49.714
TUR,Turquie,Asia,2020-04-20,50.698
TUR,Turquie,Asia,2020-04-21,51.628
TUR,Turquie,Asia,2020-04-22,49.599
TUR,Turquie,Asia,2020-04-23,46.745
TUR,Turquie,Asia,2020-04-24,44.66
TUR,Turquie,Asia,2020-04-25,43.098
TUR,Turquie,Asia,2020-04-26,40.354
TUR,Turquie,Asia,2020-04-27,36.047
TUR,Turquie,Asia,2020-04-28,32.288
TUR,Turquie,Asia,2020-04-29,32.039
TUR,Turquie,Asia,2020-04-30,31.19
TUR,Turquie,Asia,2020-05-01,29.608
TUR,Turquie,Asia,2020-05-02,28.121
TUR,Turquie,Asia,2020-05-03,26.958
TUR,Turquie,Asia,2020-05-04,26.082
TUR,Turquie,Asia,2020-05-05,25.133
TUR,Turquie,Asia,2020-05-06,23.976
TUR,Turquie,Asia,2020-05-07,22.896
TUR,Turquie,Asia,2020-05-08,22.32
TUR,Turquie,Asia,2020-05-09,21.58
TUR,Turquie,Asia,2020-05-10,21.363
TUR,Turquie,Asia,2020-05-11,20.516
TUR,Turquie,Asia,2020-05-12,20.299
TUR,Turquie,Asia,2020-05-13,19.259
TUR,Turquie,Asia,2020-05-14,18.68
TUR,Turquie,Asia,2020-05-15,18.443
TUR,Turquie,Asia,2020-05-16,18.551
TUR,Turquie,Asia,2020-05-17,18.256
TUR,Turquie,Asia,2020-05-18,18.331
TUR,Turquie,Asia,2020-05-19,17.176
TUR,Turquie,Asia,2020-05-20,16.046
TUR,Turquie,Asia,2020-05-21,14.904
TUR,Turquie,Asia,2020-05-22,13.624
TUR,Turquie,Asia,2020-05-23,12.905
TUR,Turquie,Asia,2020-05-24,12.521
TUR,Turquie,Asia,2020-05-25,12.231
TUR,Turquie,Asia,2020-05-26,12.106
TUR,Turquie,Asia,2020-05-27,12.213
TUR,Turquie,Asia,2020-05-28,12.587
TUR,Turquie,Asia,2020-05-29,12.907
TUR,Turquie,Asia,2020-05-30,12.563
TUR,Turquie,Asia,2020-05-31,12.052
TUR,Turquie,Asia,2020-06-01,11.781
TUR,Turquie,Asia,2020-06-02,11.506
TUR,Turquie,Asia,2020-06-03,11.222
TUR,Turquie,Asia,2020-06-04,10.893
TUR,Turquie,Asia,2020-06-05,10.536
TUR,Turquie,Asia,2020-06-06,10.358
TUR,Turquie,Asia,2020-06-07,10.485
TUR,Turquie,Asia,2020-06-08,10.759
TUR,Turquie,Asia,2020-06-09,11.11
TUR,Turquie,Asia,2020-06-10,11.203
TUR,Turquie,Asia,2020-06-11,11.201
TUR,Turquie,Asia,2020-06-12,11.65
TUR,Turquie,Asia,2020-06-13,12.634
TUR,Turquie,Asia,2020-06-14,13.732
TUR,Turquie,Asia,2020-06-15,14.753
TUR,Turquie,Asia,2020-06-16,15.556
TUR,Turquie,Asia,2020-06-17,16.415
TUR,Turquie,Asia,2020-06-18,16.952
TUR,Turquie,Asia,2020-06-19,16.984
TUR,Turquie,Asia,2020-06-20,16.627
TUR,Turquie,Asia,2020-06-21,16
TUR,Turquie,Asia,2020-06-22,15.356
TUR,Turquie,Asia,2020-06-23,15.019
TUR,Turquie,Asia,2020-06-24,15.126
TUR,Turquie,Asia,2020-06-25,15.387
TUR,Turquie,Asia,2020-06-26,15.695
TUR,Turquie,Asia,2020-06-27,15.905
TUR,Turquie,Asia,2020-06-28,16.183
TUR,Turquie,Asia,2020-06-29,16.457
TUR,Turquie,Asia,2020-06-30,16.5
TUR,Turquie,Asia,2020-07-01,15.992
TUR,Turquie,Asia,2020-07-02,15.531
TUR,Turquie,Asia,2020-07-03,15.151
TUR,Turquie,Asia,2020-07-04,14.782
TUR,Turquie,Asia,2020-07-05,14.43
TUR,Turquie,Asia,2020-07-06,13.942
TUR,Turquie,Asia,2020-07-07,13.535
TUR,Turquie,Asia,2020-07-08,13.28
TUR,Turquie,Asia,2020-07-09,13.005
TUR,Turquie,Asia,2020-07-10,12.719
TUR,Turquie,Asia,2020-07-11,12.485
TUR,Turquie,Asia,2020-07-12,12.255
TUR,Turquie,Asia,2020-07-13,12.123
TUR,Turquie,Asia,2020-07-14,12.02
TUR,Turquie,Asia,2020-07-15,11.86
TUR,Turquie,Asia,2020-07-16,11.706
TUR,Turquie,Asia,2020-07-17,11.576
TUR,Turquie,Asia,2020-07-18,11.41
TUR,Turquie,Asia,2020-07-19,11.261
TUR,Turquie,Asia,2020-07-20,11.13
TUR,Turquie,Asia,2020-07-21,11.022
TUR,Turquie,Asia,2020-07-22,10.946
TUR,Turquie,Asia,2020-07-23,10.912
TUR,Turquie,Asia,2020-07-24,10.93
TUR,Turquie,Asia,2020-07-25,10.935
TUR,Turquie,Asia,2020-07-26,10.941
TUR,Turquie,Asia,2020-07-27,10.92
TUR,Turquie,Asia,2020-07-28,10.979
TUR,Turquie,Asia,2020-07-29,11.047
TUR,Turquie,Asia,2020-07-30,11.139
TUR,Turquie,Asia,2020-07-31,11.215
TUR,Turquie,Asia,2020-08-01,11.342
TUR,Turquie,Asia,2020-08-02,11.444
TUR,Turquie,Asia,2020-08-03,11.572
TUR,Turquie,Asia,2020-08-04,11.776
TUR,Turquie,Asia,2020-08-05,12.175
TUR,Turquie,Asia,2020-08-06,12.49
TUR,Turquie,Asia,2020-08-07,12.834
TUR,Turquie,Asia,2020-08-08,13.132
TUR,Turquie,Asia,2020-08-09,13.463
TUR,Turquie,Asia,2020-08-10,13.798
TUR,Turquie,Asia,2020-08-11,13.967
TUR,Turquie,Asia,2020-08-12,14.025
TUR,Turquie,Asia,2020-08-13,14.177
TUR,Turquie,Asia,2020-08-14,14.247
TUR,Turquie,Asia,2020-08-15,14.389
TUR,Turquie,Asia,2020-08-16,14.406
TUR,Turquie,Asia,2020-08-17,14.474
TUR,Turquie,Asia,2020-08-18,14.609
TUR,Turquie,Asia,2020-08-19,14.764
TUR,Turquie,Asia,2020-08-20,15.05
TUR,Turquie,Asia,2020-08-21,15.011
TUR,Turquie,Asia,2020-08-22,15.101
TUR,Turquie,Asia,2020-08-23,15.143
TUR,Turquie,Asia,2020-08-24,15.499
TUR,Turquie,Asia,2020-08-25,15.903
TUR,Turquie,Asia,2020-08-26,15.92
TUR,Turquie,Asia,2020-08-27,16.054
TUR,Turquie,Asia,2020-08-28,16.586
TUR,Turquie,Asia,2020-08-29,16.993
TUR,Turquie,Asia,2020-08-30,17.442
TUR,Turquie,Asia,2020-08-31,17.685
TUR,Turquie,Asia,2020-09-01,17.804
TUR,Turquie,Asia,2020-09-02,18.283
TUR,Turquie,Asia,2020-09-03,18.539
TUR,Turquie,Asia,2020-09-04,18.7
TUR,Turquie,Asia,2020-09-05,18.91
TUR,Turquie,Asia,2020-09-06,19.073
TUR,Turquie,Asia,2020-09-07,19.269
TUR,Turquie,Asia,2020-09-08,19.589
TUR,Turquie,Asia,2020-09-09,19.72
TUR,Turquie,Asia,2020-09-10,19.5
TUR,Turquie,Asia,2020-09-11,19.599
TUR,Turquie,Asia,2020-09-12,19.322
TUR,Turquie,Asia,2020-09-13,19.235
TUR,Turquie,Asia,2020-09-14,19.257
TUR,Turquie,Asia,2020-09-15,19.225
TUR,Turquie,Asia,2020-09-16,19.391
TUR,Turquie,Asia,2020-09-17,19.621
TUR,Turquie,Asia,2020-09-18,19.791
TUR,Turquie,Asia,2020-09-19,19.84
TUR,Turquie,Asia,2020-09-20,19.826
TUR,Turquie,Asia,2020-09-21,19.872
TUR,Turquie,Asia,2020-09-22,19.787
TUR,Turquie,Asia,2020-09-23,19.781
TUR,Turquie,Asia,2020-09-24,19.904
TUR,Turquie,Asia,2020-09-25,19.725
TUR,Turquie,Asia,2020-09-26,19.679
TUR,Turquie,Asia,2020-09-27,19.591
TUR,Turquie,Asia,2020-09-28,19.03
TUR,Turquie,Asia,2020-09-29,18.581
TUR,Turquie,Asia,2020-09-30,17.945
TUR,Turquie,Asia,2020-10-01,17.413
TUR,Turquie,Asia,2020-10-02,17.035
TUR,Turquie,Asia,2020-10-03,17.02
TUR,Turquie,Asia,2020-10-04,16.955
TUR,Turquie,Asia,2020-10-05,17.279
TUR,Turquie,Asia,2020-10-06,17.421
TUR,Turquie,Asia,2020-10-07,17.743
TUR,Turquie,Asia,2020-10-08,18.095
TUR,Turquie,Asia,2020-10-09,18.412
TUR,Turquie,Asia,2020-10-10,18.661
TUR,Turquie,Asia,2020-10-11,18.785
TUR,Turquie,Asia,2020-10-12,18.803
TUR,Turquie,Asia,2020-10-13,19.008
TUR,Turquie,Asia,2020-10-14,19.161
TUR,Turquie,Asia,2020-10-15,19.293
TUR,Turquie,Asia,2020-10-16,19.603
TUR,Turquie,Asia,2020-10-17,19.728
TUR,Turquie,Asia,2020-10-18,20.258
TUR,Turquie,Asia,2020-10-19,20.956
TUR,Turquie,Asia,2020-10-20,21.4
TUR,Turquie,Asia,2020-10-21,21.979
TUR,Turquie,Asia,2020-10-22,22.672
TUR,Turquie,Asia,2020-10-23,23.27
TUR,Turquie,Asia,2020-10-24,23.893
TUR,Turquie,Asia,2020-10-25,24.236
TUR,Turquie,Asia,2020-10-26,24.527
TUR,Turquie,Asia,2020-10-27,25.06
TUR,Turquie,Asia,2020-10-28,25.555
TUR,Turquie,Asia,2020-10-29,25.923
TUR,Turquie,Asia,2020-10-30,26.189
TUR,Turquie,Asia,2020-10-31,26.395
TUR,Turquie,Asia,2020-11-01,26.546
TUR,Turquie,Asia,2020-11-02,26.722
TUR,Turquie,Asia,2020-11-03,26.949
TUR,Turquie,Asia,2020-11-04,27.095
TUR,Turquie,Asia,2020-11-05,27.081
TUR,Turquie,Asia,2020-11-06,27.274
TUR,Turquie,Asia,2020-11-07,27.732
TUR,Turquie,Asia,2020-11-08,28.426
TUR,Turquie,Asia,2020-11-09,28.89
TUR,Turquie,Asia,2020-11-10,29.205
TUR,Turquie,Asia,2020-11-11,29.717
TUR,Turquie,Asia,2020-11-12,30.615
TUR,Turquie,Asia,2020-11-13,31.646
TUR,Turquie,Asia,2020-11-14,32.718
TUR,Turquie,Asia,2020-11-15,33.916
TUR,Turquie,Asia,2020-11-16,35.169
TUR,Turquie,Asia,2020-11-17,37.354
TUR,Turquie,Asia,2020-11-18,39.932
TUR,Turquie,Asia,2020-11-19,42.814
TUR,Turquie,Asia,2020-11-20,46.3
TUR,Turquie,Asia,2020-11-21,50.392
TUR,Turquie,Asia,2020-11-22,55.124
TUR,Turquie,Asia,2020-11-23,60.878
TUR,Turquie,Asia,2020-11-24,66.912
TUR,Turquie,Asia,2020-11-25,71.314
TUR,Turquie,Asia,2020-11-26,124.613
TUR,Turquie,Asia,2020-11-27,191.355
TUR,Turquie,Asia,2020-11-28,232.975
TUR,Turquie,Asia,2020-11-29,272.38
TUR,Turquie,Asia,2020-11-30,313.889
TUR,Turquie,Asia,2020-12-01,352.389
TUR,Turquie,Asia,2020-12-02,394.92
TUR,Turquie,Asia,2020-12-03,388.776
TUR,Turquie,Asia,2020-12-04,368.839
TUR,Turquie,Asia,2020-12-05,371.876
TUR,Turquie,Asia,2020-12-06,373.775
TUR,Turquie,Asia,2020-12-07,375.33
TUR,Turquie,Asia,2020-12-08,380.561
TUR,Turquie,Asia,2020-12-09,380.203
TUR,Turquie,Asia,2020-12-10,325.355
TUR,Turquie,Asia,2020-12-11,324.288
TUR,Turquie,Asia,2020-12-12,319.613
TUR,Turquie,Asia,2020-12-13,313.713
TUR,Turquie,Asia,2020-12-14,309.445
TUR,Turquie,Asia,2020-12-15,307.588
TUR,Turquie,Asia,2020-12-16,304.211
TUR,Turquie,Asia,2020-12-17,350.817
TUR,Turquie,Asia,2020-12-18,341.169
TUR,Turquie,Asia,2020-12-19,329.412
TUR,Turquie,Asia,2020-12-20,318.227
TUR,Turquie,Asia,2020-12-21,300.418
TUR,Turquie,Asia,2020-12-22,278.659
TUR,Turquie,Asia,2020-12-23,261.606
TUR,Turquie,Asia,2020-12-24,245.661
TUR,Turquie,Asia,2020-12-25,230.642
TUR,Turquie,Asia,2020-12-26,218.655
TUR,Turquie,Asia,2020-12-27,208.304
TUR,Turquie,Asia,2020-12-28,201.688
TUR,Turquie,Asia,2020-12-29,195.842
TUR,Turquie,Asia,2020-12-30,189.138
TUR,Turquie,Asia,2020-12-31,182.833
TUR,Turquie,Asia,2021-01-01,173.788
TUR,Turquie,Asia,2021-01-02,167.118
TUR,Turquie,Asia,2021-01-03,159.787
TUR,Turquie,Asia,2021-01-04,157.243
TUR,Turquie,Asia,2021-01-05,155.022
TUR,Turquie,Asia,2021-01-06,151.868
TUR,Turquie,Asia,2021-01-07,148.127
TUR,Turquie,Asia,2021-01-08,146.9
TUR,Turquie,Asia,2021-01-09,144.117
TUR,Turquie,Asia,2021-01-10,142.865
TUR,Turquie,Asia,2021-01-11,136.979
TUR,Turquie,Asia,2021-01-12,129.044
TUR,Turquie,Asia,2021-01-13,121.801
TUR,Turquie,Asia,2021-01-14,116.365
TUR,Turquie,Asia,2021-01-15,111.004
TUR,Turquie,Asia,2021-01-16,107.639
TUR,Turquie,Asia,2021-01-17,103.062
TUR,Turquie,Asia,2021-01-18,95.68
TUR,Turquie,Asia,2021-01-19,90.614
TUR,Turquie,Asia,2021-01-20,85.331
TUR,Turquie,Asia,2021-01-21,80.803
TUR,Turquie,Asia,2021-01-22,76.828
TUR,Turquie,Asia,2021-01-23,73.958
TUR,Turquie,Asia,2021-01-24,71.995
TUR,Turquie,Asia,2021-01-25,71.622
TUR,Turquie,Asia,2021-01-26,72.105
TUR,Turquie,Asia,2021-01-27,73.891
TUR,Turquie,Asia,2021-01-28,75.567
TUR,Turquie,Asia,2021-01-29,77.168
TUR,Turquie,Asia,2021-01-30,78.887
TUR,Turquie,Asia,2021-01-31,81.064
TUR,Turquie,Asia,2021-02-01,84.582
TUR,Turquie,Asia,2021-02-02,85.754
TUR,Turquie,Asia,2021-02-03,86.793
TUR,Turquie,Asia,2021-02-04,87.86
TUR,Turquie,Asia,2021-02-05,89.535
TUR,Turquie,Asia,2021-02-06,91.273
TUR,Turquie,Asia,2021-02-07,91.456
TUR,Turquie,Asia,2021-02-08,92.106
TUR,Turquie,Asia,2021-02-09,93.531
TUR,Turquie,Asia,2021-02-10,94.445
TUR,Turquie,Asia,2021-02-11,93.905
TUR,Turquie,Asia,2021-02-12,93.671
TUR,Turquie,Asia,2021-02-13,93.348
TUR,Turquie,Asia,2021-02-14,92.699
TUR,Turquie,Asia,2021-02-15,92.431
TUR,Turquie,Asia,2021-02-16,91.195
TUR,Turquie,Asia,2021-02-17,88.964
TUR,Turquie,Asia,2021-02-18,88.373
TUR,Turquie,Asia,2021-02-19,87.79
TUR,Turquie,Asia,2021-02-20,88.046
TUR,Turquie,Asia,2021-02-21,88.485
TUR,Turquie,Asia,2021-02-22,88.754
TUR,Turquie,Asia,2021-02-23,90.788
TUR,Turquie,Asia,2021-02-24,94.576
TUR,Turquie,Asia,2021-02-25,98.524
TUR,Turquie,Asia,2021-02-26,101.549
TUR,Turquie,Asia,2021-02-27,103.812
TUR,Turquie,Asia,2021-02-28,106.993
TUR,Turquie,Asia,2021-03-01,110.02
TUR,Turquie,Asia,2021-03-02,114.644
TUR,Turquie,Asia,2021-03-03,117.963
TUR,Turquie,Asia,2021-03-04,120.927
TUR,Turquie,Asia,2021-03-05,124.479
TUR,Turquie,Asia,2021-03-06,128.844
TUR,Turquie,Asia,2021-03-07,133.524
TUR,Turquie,Asia,2021-03-08,139.154
TUR,Turquie,Asia,2021-03-09,142.403
TUR,Turquie,Asia,2021-03-10,147.546
TUR,Turquie,Asia,2021-03-11,152.16
TUR,Turquie,Asia,2021-03-12,158.324
TUR,Turquie,Asia,2021-03-13,163.934
TUR,Turquie,Asia,2021-03-14,167.645
TUR,Turquie,Asia,2021-03-15,171.52
TUR,Turquie,Asia,2021-03-16,176.592
TUR,Turquie,Asia,2021-03-17,183.97
TUR,Turquie,Asia,2021-03-18,194.138
TUR,Turquie,Asia,2021-03-19,204.452
TUR,Turquie,Asia,2021-03-20,214.579
TUR,Turquie,Asia,2021-03-21,226.521
TUR,Turquie,Asia,2021-03-22,237.892
TUR,Turquie,Asia,2021-03-23,253.87
TUR,Turquie,Asia,2021-03-24,272.248
TUR,Turquie,Asia,2021-03-25,286.954
TUR,Turquie,Asia,2021-03-26,300.591
TUR,Turquie,Asia,2021-03-27,315.768
TUR,Turquie,Asia,2021-03-28,330.386
TUR,Turquie,Asia,2021-03-29,347.643
TUR,Turquie,Asia,2021-03-30,366.48
TUR,Turquie,Asia,2021-03-31,382.639
TUR,Turquie,Asia,2021-04-01,403.092
TUR,Turquie,Asia,2021-04-02,425.497
TUR,Turquie,Asia,2021-04-03,450.456
TUR,Turquie,Asia,2021-04-04,472.374
TUR,Turquie,Asia,2021-04-05,489.561
TUR,Turquie,Asia,2021-04-06,510.363
TUR,Turquie,Asia,2021-04-07,536.513
TUR,Turquie,Asia,2021-04-08,562.149
TUR,Turquie,Asia,2021-04-09,584.987
TUR,Turquie,Asia,2021-04-10,598.403
TUR,Turquie,Asia,2021-04-11,613.105
TUR,Turquie,Asia,2021-04-12,633.45
TUR,Turquie,Asia,2021-04-13,649.716
TUR,Turquie,Asia,2021-04-14,663.363
TUR,Turquie,Asia,2021-04-15,672.61
TUR,Turquie,Asia,2021-04-16,684.96
TUR,Turquie,Asia,2021-04-17,701.78
TUR,Turquie,Asia,2021-04-18,710.459
TUR,Turquie,Asia,2021-04-19,711.453
TUR,Turquie,Asia,2021-04-20,714.571
TUR,Turquie,Asia,2021-04-21,713.166
TUR,Turquie,Asia,2021-04-22,701.971
TUR,Turquie,Asia,2021-04-23,678.86
TUR,Turquie,Asia,2021-04-24,641.579
TUR,Turquie,Asia,2021-04-25,612.362
TUR,Turquie,Asia,2021-04-26,582.148
TUR,Turquie,Asia,2021-04-27,552.122
TUR,Turquie,Asia,2021-04-28,515.665
TUR,Turquie,Asia,2021-04-29,486.672
TUR,Turquie,Asia,2021-04-30,456.95
TUR,Turquie,Asia,2021-05-01,436.998
TUR,Turquie,Asia,2021-05-02,415.701
TUR,Turquie,Asia,2021-05-03,394.394
TUR,Turquie,Asia,2021-05-04,370.166
TUR,Turquie,Asia,2021-05-05,346.506
TUR,Turquie,Asia,2021-05-06,320.614
TUR,Turquie,Asia,2021-05-07,300.654
TUR,Turquie,Asia,2021-05-08,282.42
TUR,Turquie,Asia,2021-05-09,264.145
TUR,Turquie,Asia,2021-05-10,245.294
TUR,Turquie,Asia,2021-05-11,220.733
TUR,Turquie,Asia,2021-05-12,197.956
TUR,Turquie,Asia,2021-05-13,179.571
TUR,Turquie,Asia,2021-05-14,164.813
TUR,Turquie,Asia,2021-05-15,153.667
TUR,Turquie,Asia,2021-05-16,145.742
TUR,Turquie,Asia,2021-05-17,139.932
TUR,Turquie,Asia,2021-05-18,135.596
TUR,Turquie,Asia,2021-05-19,133.095
TUR,Turquie,Asia,2021-05-20,129.455
TUR,Turquie,Asia,2021-05-21,126.295
TUR,Turquie,Asia,2021-05-22,121.594
TUR,Turquie,Asia,2021-05-23,117.067
TUR,Turquie,Asia,2021-05-24,112.576
TUR,Turquie,Asia,2021-05-25,108.237
TUR,Turquie,Asia,2021-05-26,103.468
TUR,Turquie,Asia,2021-05-27,101.844
TUR,Turquie,Asia,2021-05-28,98.871
TUR,Turquie,Asia,2021-05-29,97.108
TUR,Turquie,Asia,2021-05-30,95.573
TUR,Turquie,Asia,2021-05-31,93.829
TUR,Turquie,Asia,2021-06-01,89.996
TUR,Turquie,Asia,2021-06-02,87.358
TUR,Turquie,Asia,2021-06-03,84.269
TUR,Turquie,Asia,2021-06-04,81.552
TUR,Turquie,Asia,2021-06-05,78.96
TUR,Turquie,Asia,2021-06-06,76.34
TUR,Turquie,Asia,2021-06-07,74.907
TUR,Turquie,Asia,2021-06-08,74.055
TUR,Turquie,Asia,2021-06-09,72.823
TUR,Turquie,Asia,2021-06-10,72.495
TUR,Turquie,Asia,2021-06-11,72.651
TUR,Turquie,Asia,2021-06-12,72.566
TUR,Turquie,Asia,2021-06-13,71.932
TUR,Turquie,Asia,2021-06-14,71.897
TUR,Turquie,Asia,2021-06-15,70.789
TUR,Turquie,Asia,2021-06-16,70.394
TUR,Turquie,Asia,2021-06-17,69.541
TUR,Turquie,Asia,2021-06-18,68.379
TUR,Turquie,Asia,2021-06-19,67.369
TUR,Turquie,Asia,2021-06-20,67.503
TUR,Turquie,Asia,2021-06-21,66.941
TUR,Turquie,Asia,2021-06-22,67.259
TUR,Turquie,Asia,2021-06-23,66.561
TUR,Turquie,Asia,2021-06-24,66.221
TUR,Turquie,Asia,2021-06-25,66.314
TUR,Turquie,Asia,2021-06-26,65.951
TUR,Turquie,Asia,2021-06-27,65.599
TUR,Turquie,Asia,2021-06-28,65.581
TUR,Turquie,Asia,2021-06-29,65.077
TUR,Turquie,Asia,2021-06-30,64.547
TUR,Turquie,Asia,2021-07-01,63.844
TUR,Turquie,Asia,2021-07-02,62.593
TUR,Turquie,Asia,2021-07-03,61.358
TUR,Turquie,Asia,2021-07-04,53.087
TUR,Turquie,Asia,2021-07-05,44.138
UKR,Ukraine,Europe,2020-03-08,0.003
UKR,Ukraine,Europe,2020-03-09,0.003
UKR,Ukraine,Europe,2020-03-13,0.007
UKR,Ukraine,Europe,2020-03-14,0.007
UKR,Ukraine,Europe,2020-03-15,0.007
UKR,Ukraine,Europe,2020-03-16,0.02
UKR,Ukraine,Europe,2020-03-17,0.042
UKR,Ukraine,Europe,2020-03-18,0.042
UKR,Ukraine,Europe,2020-03-19,0.049
UKR,Ukraine,Europe,2020-03-20,0.085
UKR,Ukraine,Europe,2020-03-21,0.144
UKR,Ukraine,Europe,2020-03-22,0.229
UKR,Ukraine,Europe,2020-03-23,0.216
UKR,Ukraine,Europe,2020-03-24,0.271
UKR,Ukraine,Europe,2020-03-25,0.428
UKR,Ukraine,Europe,2020-03-26,0.588
UKR,Ukraine,Europe,2020-03-27,0.918
UKR,Ukraine,Europe,2020-03-28,1.009
UKR,Ukraine,Europe,2020-03-29,1.313
UKR,Ukraine,Europe,2020-03-30,1.552
UKR,Ukraine,Europe,2020-03-31,1.79
UKR,Ukraine,Europe,2020-04-01,2.12
UKR,Ukraine,Europe,2020-04-02,2.29
UKR,Ukraine,Europe,2020-04-03,2.489
UKR,Ukraine,Europe,2020-04-04,2.839
UKR,Ukraine,Europe,2020-04-05,2.721
UKR,Ukraine,Europe,2020-04-06,2.518
UKR,Ukraine,Europe,2020-04-07,2.669
UKR,Ukraine,Europe,2020-04-08,2.855
UKR,Ukraine,Europe,2020-04-09,3.25
UKR,Ukraine,Europe,2020-04-10,3.694
UKR,Ukraine,Europe,2020-04-11,4.201
UKR,Ukraine,Europe,2020-04-12,4.799
UKR,Ukraine,Europe,2020-04-13,5.824
UKR,Ukraine,Europe,2020-04-14,6.239
UKR,Ukraine,Europe,2020-04-15,6.847
UKR,Ukraine,Europe,2020-04-16,7.412
UKR,Ukraine,Europe,2020-04-17,8.032
UKR,Ukraine,Europe,2020-04-18,8.477
UKR,Ukraine,Europe,2020-04-19,8.728
UKR,Ukraine,Europe,2020-04-20,8.519
UKR,Ukraine,Europe,2020-04-21,8.993
UKR,Ukraine,Europe,2020-04-22,9.238
UKR,Ukraine,Europe,2020-04-23,9.829
UKR,Ukraine,Europe,2020-04-24,9.751
UKR,Ukraine,Europe,2020-04-25,9.862
UKR,Ukraine,Europe,2020-04-26,10.348
UKR,Ukraine,Europe,2020-04-27,10.776
UKR,Ukraine,Europe,2020-04-28,10.731
UKR,Ukraine,Europe,2020-04-29,10.695
UKR,Ukraine,Europe,2020-04-30,10.57
UKR,Ukraine,Europe,2020-05-01,10.499
UKR,Ukraine,Europe,2020-05-02,10.734
UKR,Ukraine,Europe,2020-05-03,10.766
UKR,Ukraine,Europe,2020-05-04,10.851
UKR,Ukraine,Europe,2020-05-05,10.737
UKR,Ukraine,Europe,2020-05-06,10.838
UKR,Ukraine,Europe,2020-05-07,10.731
UKR,Ukraine,Europe,2020-05-08,10.891
UKR,Ukraine,Europe,2020-05-09,10.776
UKR,Ukraine,Europe,2020-05-10,10.842
UKR,Ukraine,Europe,2020-05-11,10.835
UKR,Ukraine,Europe,2020-05-12,10.864
UKR,Ukraine,Europe,2020-05-13,10.587
UKR,Ukraine,Europe,2020-05-14,10.309
UKR,Ukraine,Europe,2020-05-15,10.241
UKR,Ukraine,Europe,2020-05-16,10.283
UKR,Ukraine,Europe,2020-05-17,9.992
UKR,Ukraine,Europe,2020-05-18,9.695
UKR,Ukraine,Europe,2020-05-19,9.319
UKR,Ukraine,Europe,2020-05-20,9.163
UKR,Ukraine,Europe,2020-05-21,9.339
UKR,Ukraine,Europe,2020-05-22,9.205
UKR,Ukraine,Europe,2020-05-23,8.891
UKR,Ukraine,Europe,2020-05-24,8.803
UKR,Ukraine,Europe,2020-05-25,8.588
UKR,Ukraine,Europe,2020-05-26,8.846
UKR,Ukraine,Europe,2020-05-27,8.738
UKR,Ukraine,Europe,2020-05-28,8.741
UKR,Ukraine,Europe,2020-05-29,8.699
UKR,Ukraine,Europe,2020-05-30,8.571
UKR,Ukraine,Europe,2020-05-31,8.774
UKR,Ukraine,Europe,2020-06-01,10.835
UKR,Ukraine,Europe,2020-06-02,10.815
UKR,Ukraine,Europe,2020-06-03,11.367
UKR,Ukraine,Europe,2020-06-04,11.756
UKR,Ukraine,Europe,2020-06-05,12.187
UKR,Ukraine,Europe,2020-06-06,12.73
UKR,Ukraine,Europe,2020-06-07,12.828
UKR,Ukraine,Europe,2020-06-08,11.482
UKR,Ukraine,Europe,2020-06-09,11.707
UKR,Ukraine,Europe,2020-06-10,11.857
UKR,Ukraine,Europe,2020-06-11,12.168
UKR,Ukraine,Europe,2020-06-12,12.651
UKR,Ukraine,Europe,2020-06-13,13.314
UKR,Ukraine,Europe,2020-06-14,13.889
UKR,Ukraine,Europe,2020-06-15,14.565
UKR,Ukraine,Europe,2020-06-16,15.451
UKR,Ukraine,Europe,2020-06-17,16.238
UKR,Ukraine,Europe,2020-06-18,16.747
UKR,Ukraine,Europe,2020-06-19,17.443
UKR,Ukraine,Europe,2020-06-20,17.763
UKR,Ukraine,Europe,2020-06-21,17.999
UKR,Ukraine,Europe,2020-06-22,18.031
UKR,Ukraine,Europe,2020-06-23,18.593
UKR,Ukraine,Europe,2020-06-24,19.161
UKR,Ukraine,Europe,2020-06-25,19.668
UKR,Ukraine,Europe,2020-06-26,20.318
UKR,Ukraine,Europe,2020-06-27,20.635
UKR,Ukraine,Europe,2020-06-28,21.216
UKR,Ukraine,Europe,2020-06-29,21.174
UKR,Ukraine,Europe,2020-06-30,20.752
UKR,Ukraine,Europe,2020-07-01,19.834
UKR,Ukraine,Europe,2020-07-02,19.491
UKR,Ukraine,Europe,2020-07-03,18.717
UKR,Ukraine,Europe,2020-07-04,18.606
UKR,Ukraine,Europe,2020-07-05,18.332
UKR,Ukraine,Europe,2020-07-06,18.015
UKR,Ukraine,Europe,2020-07-07,17.535
UKR,Ukraine,Europe,2020-07-08,18.074
UKR,Ukraine,Europe,2020-07-09,17.848
UKR,Ukraine,Europe,2020-07-10,17.675
UKR,Ukraine,Europe,2020-07-11,17.355
UKR,Ukraine,Europe,2020-07-12,16.917
UKR,Ukraine,Europe,2020-07-13,17.09
UKR,Ukraine,Europe,2020-07-14,17.342
UKR,Ukraine,Europe,2020-07-15,17.384
UKR,Ukraine,Europe,2020-07-16,17.492
UKR,Ukraine,Europe,2020-07-17,17.476
UKR,Ukraine,Europe,2020-07-18,17.613
UKR,Ukraine,Europe,2020-07-19,17.737
UKR,Ukraine,Europe,2020-07-20,17.907
UKR,Ukraine,Europe,2020-07-21,18.041
UKR,Ukraine,Europe,2020-07-22,18.018
UKR,Ukraine,Europe,2020-07-23,18.061
UKR,Ukraine,Europe,2020-07-24,18.642
UKR,Ukraine,Europe,2020-07-25,19.547
UKR,Ukraine,Europe,2020-07-26,20.2
UKR,Ukraine,Europe,2020-07-27,20.674
UKR,Ukraine,Europe,2020-07-28,21.481
UKR,Ukraine,Europe,2020-07-29,22.157
UKR,Ukraine,Europe,2020-07-30,23.294
UKR,Ukraine,Europe,2020-07-31,23.62
UKR,Ukraine,Europe,2020-08-01,23.819
UKR,Ukraine,Europe,2020-08-02,24.499
UKR,Ukraine,Europe,2020-08-03,25.103
UKR,Ukraine,Europe,2020-08-04,25.642
UKR,Ukraine,Europe,2020-08-05,26.429
UKR,Ukraine,Europe,2020-08-06,26.834
UKR,Ukraine,Europe,2020-08-07,28.138
UKR,Ukraine,Europe,2020-08-08,29.154
UKR,Ukraine,Europe,2020-08-09,29.418
UKR,Ukraine,Europe,2020-08-10,29.5
UKR,Ukraine,Europe,2020-08-11,29.866
UKR,Ukraine,Europe,2020-08-12,30.493
UKR,Ukraine,Europe,2020-08-13,31.427
UKR,Ukraine,Europe,2020-08-14,32.335
UKR,Ukraine,Europe,2020-08-15,33.518
UKR,Ukraine,Europe,2020-08-16,35.027
UKR,Ukraine,Europe,2020-08-17,36.569
UKR,Ukraine,Europe,2020-08-18,37.99
UKR,Ukraine,Europe,2020-08-19,39.701
UKR,Ukraine,Europe,2020-08-20,41.4
UKR,Ukraine,Europe,2020-08-21,42.566
UKR,Ukraine,Europe,2020-08-22,44.235
UKR,Ukraine,Europe,2020-08-23,45.369
UKR,Ukraine,Europe,2020-08-24,46.473
UKR,Ukraine,Europe,2020-08-25,46.698
UKR,Ukraine,Europe,2020-08-26,45.715
UKR,Ukraine,Europe,2020-08-27,45.251
UKR,Ukraine,Europe,2020-08-28,46.463
UKR,Ukraine,Europe,2020-08-29,47.084
UKR,Ukraine,Europe,2020-08-30,47.531
UKR,Ukraine,Europe,2020-08-31,48.665
UKR,Ukraine,Europe,2020-09-01,50.076
UKR,Ukraine,Europe,2020-09-02,52.852
UKR,Ukraine,Europe,2020-09-03,54.345
UKR,Ukraine,Europe,2020-09-04,55.194
UKR,Ukraine,Europe,2020-09-05,56.233
UKR,Ukraine,Europe,2020-09-06,56.318
UKR,Ukraine,Europe,2020-09-07,56.485
UKR,Ukraine,Europe,2020-09-08,57.605
UKR,Ukraine,Europe,2020-09-09,57.746
UKR,Ukraine,Europe,2020-09-10,58.294
UKR,Ukraine,Europe,2020-09-11,59.79
UKR,Ukraine,Europe,2020-09-12,60.731
UKR,Ukraine,Europe,2020-09-13,61.904
UKR,Ukraine,Europe,2020-09-14,62.897
UKR,Ukraine,Europe,2020-09-15,64.559
UKR,Ukraine,Europe,2020-09-16,65.928
UKR,Ukraine,Europe,2020-09-17,69.338
UKR,Ukraine,Europe,2020-09-18,69.675
UKR,Ukraine,Europe,2020-09-19,70.197
UKR,Ukraine,Europe,2020-09-20,71.854
UKR,Ukraine,Europe,2020-09-21,72.585
UKR,Ukraine,Europe,2020-09-22,72.556
UKR,Ukraine,Europe,2020-09-23,74.457
UKR,Ukraine,Europe,2020-09-24,73.8
UKR,Ukraine,Europe,2020-09-25,74.895
UKR,Ukraine,Europe,2020-09-26,76.822
UKR,Ukraine,Europe,2020-09-27,77.351
UKR,Ukraine,Europe,2020-09-28,77.348
UKR,Ukraine,Europe,2020-09-29,79.765
UKR,Ukraine,Europe,2020-09-30,81.526
UKR,Ukraine,Europe,2020-10-01,83.816
UKR,Ukraine,Europe,2020-10-02,87.363
UKR,Ukraine,Europe,2020-10-03,90.14
UKR,Ukraine,Europe,2020-10-04,93.504
UKR,Ukraine,Europe,2020-10-05,97.179
UKR,Ukraine,Europe,2020-10-06,99.635
UKR,Ukraine,Europe,2020-10-07,102.085
UKR,Ukraine,Europe,2020-10-08,106.547
UKR,Ukraine,Europe,2020-10-09,110.5
UKR,Ukraine,Europe,2020-10-10,114.145
UKR,Ukraine,Europe,2020-10-11,116.422
UKR,Ukraine,Europe,2020-10-12,118.712
UKR,Ukraine,Europe,2020-10-13,121.42
UKR,Ukraine,Europe,2020-10-14,124.337
UKR,Ukraine,Europe,2020-10-15,123.406
UKR,Ukraine,Europe,2020-10-16,124.203
UKR,Ukraine,Europe,2020-10-17,126.581
UKR,Ukraine,Europe,2020-10-18,128.165
UKR,Ukraine,Europe,2020-10-19,129.406
UKR,Ukraine,Europe,2020-10-20,130.612
UKR,Ukraine,Europe,2020-10-21,134.515
UKR,Ukraine,Europe,2020-10-22,141.244
UKR,Ukraine,Europe,2020-10-23,146.389
UKR,Ukraine,Europe,2020-10-24,148.499
UKR,Ukraine,Europe,2020-10-25,151.638
UKR,Ukraine,Europe,2020-10-26,153.726
UKR,Ukraine,Europe,2020-10-27,157.662
UKR,Ukraine,Europe,2020-10-28,160.324
UKR,Ukraine,Europe,2020-10-29,161.373
UKR,Ukraine,Europe,2020-10-30,164.077
UKR,Ukraine,Europe,2020-10-31,169.901
UKR,Ukraine,Europe,2020-11-01,175.902
UKR,Ukraine,Europe,2020-11-02,180.374
UKR,Ukraine,Europe,2020-11-03,187.662
UKR,Ukraine,Europe,2020-11-04,194.257
UKR,Ukraine,Europe,2020-11-05,202.413
UKR,Ukraine,Europe,2020-11-06,206.748
UKR,Ukraine,Europe,2020-11-07,213.199
UKR,Ukraine,Europe,2020-11-08,217.785
UKR,Ukraine,Europe,2020-11-09,224.037
UKR,Ukraine,Europe,2020-11-10,228.202
UKR,Ukraine,Europe,2020-11-11,231.697
UKR,Ukraine,Europe,2020-11-12,235.598
UKR,Ukraine,Europe,2020-11-13,242.516
UKR,Ukraine,Europe,2020-11-14,248.239
UKR,Ukraine,Europe,2020-11-15,252.463
UKR,Ukraine,Europe,2020-11-16,256.187
UKR,Ukraine,Europe,2020-11-17,262.021
UKR,Ukraine,Europe,2020-11-18,268.178
UKR,Ukraine,Europe,2020-11-19,275.684
UKR,Ukraine,Europe,2020-11-20,284.769
UKR,Ukraine,Europe,2020-11-21,291.56
UKR,Ukraine,Europe,2020-11-22,296.214
UKR,Ukraine,Europe,2020-11-23,300.066
UKR,Ukraine,Europe,2020-11-24,301.206
UKR,Ukraine,Europe,2020-11-25,305.779
UKR,Ukraine,Europe,2020-11-26,312.289
UKR,Ukraine,Europe,2020-11-27,317.711
UKR,Ukraine,Europe,2020-11-28,323.333
UKR,Ukraine,Europe,2020-11-29,326.293
UKR,Ukraine,Europe,2020-11-30,323.062
UKR,Ukraine,Europe,2020-12-01,323.872
UKR,Ukraine,Europe,2020-12-02,321.517
UKR,Ukraine,Europe,2020-12-03,318.868
UKR,Ukraine,Europe,2020-12-04,315.477
UKR,Ukraine,Europe,2020-12-05,307.546
UKR,Ukraine,Europe,2020-12-06,303.159
UKR,Ukraine,Europe,2020-12-07,299.066
UKR,Ukraine,Europe,2020-12-08,293.781
UKR,Ukraine,Europe,2020-12-09,292.128
UKR,Ukraine,Europe,2020-12-10,288.613
UKR,Ukraine,Europe,2020-12-11,283.508
UKR,Ukraine,Europe,2020-12-12,280.444
UKR,Ukraine,Europe,2020-12-13,272.856
UKR,Ukraine,Europe,2020-12-14,265.97
UKR,Ukraine,Europe,2020-12-15,258.404
UKR,Ukraine,Europe,2020-12-16,252.263
UKR,Ukraine,Europe,2020-12-17,248.141
UKR,Ukraine,Europe,2020-12-18,245.44
UKR,Ukraine,Europe,2020-12-19,242.043
UKR,Ukraine,Europe,2020-12-20,239.292
UKR,Ukraine,Europe,2020-12-21,239.622
UKR,Ukraine,Europe,2020-12-22,239.978
UKR,Ukraine,Europe,2020-12-23,238.394
UKR,Ukraine,Europe,2020-12-24,236.604
UKR,Ukraine,Europe,2020-12-25,231.351
UKR,Ukraine,Europe,2020-12-26,218.138
UKR,Ukraine,Europe,2020-12-27,210.903
UKR,Ukraine,Europe,2020-12-28,203.818
UKR,Ukraine,Europe,2020-12-29,198.764
UKR,Ukraine,Europe,2020-12-30,191.683
UKR,Ukraine,Europe,2020-12-31,185.773
UKR,Ukraine,Europe,2021-01-01,180.547
UKR,Ukraine,Europe,2021-01-02,171.62
UKR,Ukraine,Europe,2021-01-03,166.174
UKR,Ukraine,Europe,2021-01-04,165.145
UKR,Ukraine,Europe,2021-01-05,159.341
UKR,Ukraine,Europe,2021-01-06,155.493
UKR,Ukraine,Europe,2021-01-07,152.889
UKR,Ukraine,Europe,2021-01-08,140.281
UKR,Ukraine,Europe,2021-01-09,139.438
UKR,Ukraine,Europe,2021-01-10,140.878
UKR,Ukraine,Europe,2021-01-11,141.176
UKR,Ukraine,Europe,2021-01-12,140.418
UKR,Ukraine,Europe,2021-01-13,138.749
UKR,Ukraine,Europe,2021-01-14,135.694
UKR,Ukraine,Europe,2021-01-15,144.259
UKR,Ukraine,Europe,2021-01-16,154.085
UKR,Ukraine,Europe,2021-01-17,157.6
UKR,Ukraine,Europe,2021-01-18,153.67
UKR,Ukraine,Europe,2021-01-19,149.874
UKR,Ukraine,Europe,2021-01-20,143.387
UKR,Ukraine,Europe,2021-01-21,135.355
UKR,Ukraine,Europe,2021-01-22,125.748
UKR,Ukraine,Europe,2021-01-23,116.317
UKR,Ukraine,Europe,2021-01-24,109.275
UKR,Ukraine,Europe,2021-01-25,107.397
UKR,Ukraine,Europe,2021-01-26,103.5
UKR,Ukraine,Europe,2021-01-27,101.291
UKR,Ukraine,Europe,2021-01-28,100.916
UKR,Ukraine,Europe,2021-01-29,100.178
UKR,Ukraine,Europe,2021-01-30,99.204
UKR,Ukraine,Europe,2021-01-31,96.627
UKR,Ukraine,Europe,2021-02-01,94.928
UKR,Ukraine,Europe,2021-02-02,93.599
UKR,Ukraine,Europe,2021-02-03,91.913
UKR,Ukraine,Europe,2021-02-04,90.352
UKR,Ukraine,Europe,2021-02-05,89.418
UKR,Ukraine,Europe,2021-02-06,88.085
UKR,Ukraine,Europe,2021-02-07,88.598
UKR,Ukraine,Europe,2021-02-08,88.823
UKR,Ukraine,Europe,2021-02-09,89.594
UKR,Ukraine,Europe,2021-02-10,89.947
UKR,Ukraine,Europe,2021-02-11,89.754
UKR,Ukraine,Europe,2021-02-12,89.192
UKR,Ukraine,Europe,2021-02-13,91.953
UKR,Ukraine,Europe,2021-02-14,90.976
UKR,Ukraine,Europe,2021-02-15,91.577
UKR,Ukraine,Europe,2021-02-16,93.142
UKR,Ukraine,Europe,2021-02-17,95.885
UKR,Ukraine,Europe,2021-02-18,99.697
UKR,Ukraine,Europe,2021-02-19,105.339
UKR,Ukraine,Europe,2021-02-20,108.834
UKR,Ukraine,Europe,2021-02-21,113.25
UKR,Ukraine,Europe,2021-02-22,115.912
UKR,Ukraine,Europe,2021-02-23,119.114
UKR,Ukraine,Europe,2021-02-24,124.03
UKR,Ukraine,Europe,2021-02-25,130.03
UKR,Ukraine,Europe,2021-02-26,134.643
UKR,Ukraine,Europe,2021-02-27,140.601
UKR,Ukraine,Europe,2021-02-28,144.831
UKR,Ukraine,Europe,2021-03-01,148.264
UKR,Ukraine,Europe,2021-03-02,151.968
UKR,Ukraine,Europe,2021-03-03,156.424
UKR,Ukraine,Europe,2021-03-04,162.633
UKR,Ukraine,Europe,2021-03-05,169.621
UKR,Ukraine,Europe,2021-03-06,172.756
UKR,Ukraine,Europe,2021-03-07,177.088
UKR,Ukraine,Europe,2021-03-08,181.249
UKR,Ukraine,Europe,2021-03-09,174.403
UKR,Ukraine,Europe,2021-03-10,171.548
UKR,Ukraine,Europe,2021-03-11,168.307
UKR,Ukraine,Europe,2021-03-12,177.362
UKR,Ukraine,Europe,2021-03-13,190.817
UKR,Ukraine,Europe,2021-03-14,196.782
UKR,Ukraine,Europe,2021-03-15,200.708
UKR,Ukraine,Europe,2021-03-16,221.503
UKR,Ukraine,Europe,2021-03-17,239.276
UKR,Ukraine,Europe,2021-03-18,258.731
UKR,Ukraine,Europe,2021-03-19,268.178
UKR,Ukraine,Europe,2021-03-20,274.711
UKR,Ukraine,Europe,2021-03-21,281.633
UKR,Ukraine,Europe,2021-03-22,285.226
UKR,Ukraine,Europe,2021-03-23,291.217
UKR,Ukraine,Europe,2021-03-24,298.877
UKR,Ukraine,Europe,2021-03-25,304.165
UKR,Ukraine,Europe,2021-03-26,311.642
UKR,Ukraine,Europe,2021-03-27,318.665
UKR,Ukraine,Europe,2021-03-28,321.318
UKR,Ukraine,Europe,2021-03-29,322.905
UKR,Ukraine,Europe,2021-03-30,319.913
UKR,Ukraine,Europe,2021-03-31,310.372
UKR,Ukraine,Europe,2021-04-01,313.373
UKR,Ukraine,Europe,2021-04-02,319.178
UKR,Ukraine,Europe,2021-04-03,328.749
UKR,Ukraine,Europe,2021-04-04,334.684
UKR,Ukraine,Europe,2021-04-05,340.669
UKR,Ukraine,Europe,2021-04-06,349.651
UKR,Ukraine,Europe,2021-04-07,363.338
UKR,Ukraine,Europe,2021-04-08,369.43
UKR,Ukraine,Europe,2021-04-09,368.764
UKR,Ukraine,Europe,2021-04-10,359.392
UKR,Ukraine,Europe,2021-04-11,354.1
UKR,Ukraine,Europe,2021-04-12,346.538
UKR,Ukraine,Europe,2021-04-13,341.348
UKR,Ukraine,Europe,2021-04-14,338.545
UKR,Ukraine,Europe,2021-04-15,328.769
UKR,Ukraine,Europe,2021-04-16,321.592
UKR,Ukraine,Europe,2021-04-17,313.481
UKR,Ukraine,Europe,2021-04-18,307.5
UKR,Ukraine,Europe,2021-04-19,303.074
UKR,Ukraine,Europe,2021-04-20,294.094
UKR,Ukraine,Europe,2021-04-21,286.288
UKR,Ukraine,Europe,2021-04-22,285.647
UKR,Ukraine,Europe,2021-04-23,275.188
UKR,Ukraine,Europe,2021-04-24,267.796
UKR,Ukraine,Europe,2021-04-25,260.123
UKR,Ukraine,Europe,2021-04-26,255.399
UKR,Ukraine,Europe,2021-04-27,252.058
UKR,Ukraine,Europe,2021-04-28,243.637
UKR,Ukraine,Europe,2021-04-29,228.588
UKR,Ukraine,Europe,2021-04-30,214.836
UKR,Ukraine,Europe,2021-05-01,201.218
UKR,Ukraine,Europe,2021-05-02,191.937
UKR,Ukraine,Europe,2021-05-03,184.408
UKR,Ukraine,Europe,2021-05-04,166.612
UKR,Ukraine,Europe,2021-05-05,143.697
UKR,Ukraine,Europe,2021-05-06,125.434
UKR,Ukraine,Europe,2021-05-07,120.009
UKR,Ukraine,Europe,2021-05-08,120.561
UKR,Ukraine,Europe,2021-05-09,121.488
UKR,Ukraine,Europe,2021-05-10,121.701
UKR,Ukraine,Europe,2021-05-11,120.868
UKR,Ukraine,Europe,2021-05-12,127.286
UKR,Ukraine,Europe,2021-05-13,129.818
UKR,Ukraine,Europe,2021-05-14,127.064
UKR,Ukraine,Europe,2021-05-15,120.786
UKR,Ukraine,Europe,2021-05-16,115.06
UKR,Ukraine,Europe,2021-05-17,112.826
UKR,Ukraine,Europe,2021-05-18,118.989
UKR,Ukraine,Europe,2021-05-19,120.949
UKR,Ukraine,Europe,2021-05-20,115.563
UKR,Ukraine,Europe,2021-05-21,107.148
UKR,Ukraine,Europe,2021-05-22,99.998
UKR,Ukraine,Europe,2021-05-23,96.434
UKR,Ukraine,Europe,2021-05-24,93.811
UKR,Ukraine,Europe,2021-05-25,88.941
UKR,Ukraine,Europe,2021-05-26,83.264
UKR,Ukraine,Europe,2021-05-27,77.88
UKR,Ukraine,Europe,2021-05-28,72.399
UKR,Ukraine,Europe,2021-05-29,67.499
UKR,Ukraine,Europe,2021-05-30,64.827
UKR,Ukraine,Europe,2021-05-31,63.844
UKR,Ukraine,Europe,2021-06-01,62.335
UKR,Ukraine,Europe,2021-06-02,58.461
UKR,Ukraine,Europe,2021-06-03,55.423
UKR,Ukraine,Europe,2021-06-04,52.029
UKR,Ukraine,Europe,2021-06-05,48.113
UKR,Ukraine,Europe,2021-06-06,45.617
UKR,Ukraine,Europe,2021-06-07,44.02
UKR,Ukraine,Europe,2021-06-08,42.282
UKR,Ukraine,Europe,2021-06-09,39.623
UKR,Ukraine,Europe,2021-06-10,37.065
UKR,Ukraine,Europe,2021-06-11,34.955
UKR,Ukraine,Europe,2021-06-12,32.972
UKR,Ukraine,Europe,2021-06-13,32.789
UKR,Ukraine,Europe,2021-06-14,32.541
UKR,Ukraine,Europe,2021-06-15,30.78
UKR,Ukraine,Europe,2021-06-16,29.84
UKR,Ukraine,Europe,2021-06-17,28.089
UKR,Ukraine,Europe,2021-06-18,26.23
UKR,Ukraine,Europe,2021-06-19,25.103
UKR,Ukraine,Europe,2021-06-20,24.136
UKR,Ukraine,Europe,2021-06-21,24.123
UKR,Ukraine,Europe,2021-06-22,22.085
UKR,Ukraine,Europe,2021-06-23,21.735
UKR,Ukraine,Europe,2021-06-24,21.278
UKR,Ukraine,Europe,2021-06-25,21.363
UKR,Ukraine,Europe,2021-06-26,21.461
UKR,Ukraine,Europe,2021-06-27,21.775
UKR,Ukraine,Europe,2021-06-28,22.069
UKR,Ukraine,Europe,2021-06-29,22.095
UKR,Ukraine,Europe,2021-06-30,21.82
UKR,Ukraine,Europe,2021-07-01,21.402
UKR,Ukraine,Europe,2021-07-02,21.138
UKR,Ukraine,Europe,2021-07-03,21.242
UKR,Ukraine,Europe,2021-07-04,21.265
UKR,Ukraine,Europe,2021-07-05,21.347
GBR,Royaume-Uni,Europe,2020-02-05,0.019
GBR,Royaume-Uni,Europe,2020-02-06,0.019
GBR,Royaume-Uni,Europe,2020-02-07,0.015
GBR,Royaume-Uni,Europe,2020-02-08,0.023
GBR,Royaume-Uni,Europe,2020-02-09,0.025
GBR,Royaume-Uni,Europe,2020-02-10,0.013
GBR,Royaume-Uni,Europe,2020-02-11,0.015
GBR,Royaume-Uni,Europe,2020-02-12,0.015
GBR,Royaume-Uni,Europe,2020-02-13,0.017
GBR,Royaume-Uni,Europe,2020-02-14,0.019
GBR,Royaume-Uni,Europe,2020-02-15,0.011
GBR,Royaume-Uni,Europe,2020-02-16,0.008
GBR,Royaume-Uni,Europe,2020-02-17,0.011
GBR,Royaume-Uni,Europe,2020-02-18,0.008
GBR,Royaume-Uni,Europe,2020-02-19,0.008
GBR,Royaume-Uni,Europe,2020-02-20,0.011
GBR,Royaume-Uni,Europe,2020-02-21,0.011
GBR,Royaume-Uni,Europe,2020-02-22,0.011
GBR,Royaume-Uni,Europe,2020-02-23,0.021
GBR,Royaume-Uni,Europe,2020-02-24,0.023
GBR,Royaume-Uni,Europe,2020-02-25,0.032
GBR,Royaume-Uni,Europe,2020-02-26,0.036
GBR,Royaume-Uni,Europe,2020-02-27,0.046
GBR,Royaume-Uni,Europe,2020-02-28,0.069
GBR,Royaume-Uni,Europe,2020-02-29,0.08
GBR,Royaume-Uni,Europe,2020-03-01,0.139
GBR,Royaume-Uni,Europe,2020-03-02,0.219
GBR,Royaume-Uni,Europe,2020-03-03,0.326
GBR,Royaume-Uni,Europe,2020-03-04,0.44
GBR,Royaume-Uni,Europe,2020-03-05,0.528
GBR,Royaume-Uni,Europe,2020-03-06,0.669
GBR,Royaume-Uni,Europe,2020-03-07,0.774
GBR,Royaume-Uni,Europe,2020-03-08,0.819
GBR,Royaume-Uni,Europe,2020-03-09,1.044
GBR,Royaume-Uni,Europe,2020-03-10,1.473
GBR,Royaume-Uni,Europe,2020-03-11,2.22
GBR,Royaume-Uni,Europe,2020-03-12,3.146
GBR,Royaume-Uni,Europe,2020-03-13,3.99
GBR,Royaume-Uni,Europe,2020-03-14,4.64
GBR,Royaume-Uni,Europe,2020-03-15,5.459
GBR,Royaume-Uni,Europe,2020-03-16,6.444
GBR,Royaume-Uni,Europe,2020-03-17,7.519
GBR,Royaume-Uni,Europe,2020-03-18,8.769
GBR,Royaume-Uni,Europe,2020-03-19,9.983
GBR,Royaume-Uni,Europe,2020-03-20,11.62
GBR,Royaume-Uni,Europe,2020-03-21,13.411
GBR,Royaume-Uni,Europe,2020-03-22,15.4
GBR,Royaume-Uni,Europe,2020-03-23,19.049
GBR,Royaume-Uni,Europe,2020-03-24,22.441
GBR,Royaume-Uni,Europe,2020-03-25,26.042
GBR,Royaume-Uni,Europe,2020-03-26,30.379
GBR,Royaume-Uni,Europe,2020-03-27,34.568
GBR,Royaume-Uni,Europe,2020-03-28,37.994
GBR,Royaume-Uni,Europe,2020-03-29,41.159
GBR,Royaume-Uni,Europe,2020-03-30,45.322
GBR,Royaume-Uni,Europe,2020-03-31,49.85
GBR,Royaume-Uni,Europe,2020-04-01,54.6
GBR,Royaume-Uni,Europe,2020-04-02,58.392
GBR,Royaume-Uni,Europe,2020-04-03,62.037
GBR,Royaume-Uni,Europe,2020-04-04,64.625
GBR,Royaume-Uni,Europe,2020-04-05,66.22
GBR,Royaume-Uni,Europe,2020-04-06,68.301
GBR,Royaume-Uni,Europe,2020-04-07,70.305
GBR,Royaume-Uni,Europe,2020-04-08,70.703
GBR,Royaume-Uni,Europe,2020-04-09,70.654
GBR,Royaume-Uni,Europe,2020-04-10,69.362
GBR,Royaume-Uni,Europe,2020-04-11,68.394
GBR,Royaume-Uni,Europe,2020-04-12,68.16
GBR,Royaume-Uni,Europe,2020-04-13,65.823
GBR,Royaume-Uni,Europe,2020-04-14,63.428
GBR,Royaume-Uni,Europe,2020-04-15,63.295
GBR,Royaume-Uni,Europe,2020-04-16,64.215
GBR,Royaume-Uni,Europe,2020-04-17,65.526
GBR,Royaume-Uni,Europe,2020-04-18,67.889
GBR,Royaume-Uni,Europe,2020-04-19,68.565
GBR,Royaume-Uni,Europe,2020-04-20,69.956
GBR,Royaume-Uni,Europe,2020-04-21,70.854
GBR,Royaume-Uni,Europe,2020-04-22,71.706
GBR,Royaume-Uni,Europe,2020-04-23,71.338
GBR,Royaume-Uni,Europe,2020-04-24,71.319
GBR,Royaume-Uni,Europe,2020-04-25,69.274
GBR,Royaume-Uni,Europe,2020-04-26,68.459
GBR,Royaume-Uni,Europe,2020-04-27,68.118
GBR,Royaume-Uni,Europe,2020-04-28,68.017
GBR,Royaume-Uni,Europe,2020-04-29,67.902
GBR,Royaume-Uni,Europe,2020-04-30,67.472
GBR,Royaume-Uni,Europe,2020-05-01,66.944
GBR,Royaume-Uni,Europe,2020-05-02,65.82
GBR,Royaume-Uni,Europe,2020-05-03,64.777
GBR,Royaume-Uni,Europe,2020-05-04,61.997
GBR,Royaume-Uni,Europe,2020-05-05,59.812
GBR,Royaume-Uni,Europe,2020-05-06,56.416
GBR,Royaume-Uni,Europe,2020-05-07,53.905
GBR,Royaume-Uni,Europe,2020-05-08,50.374
GBR,Royaume-Uni,Europe,2020-05-09,48.102
GBR,Royaume-Uni,Europe,2020-05-10,46.723
GBR,Royaume-Uni,Europe,2020-05-11,47.157
GBR,Royaume-Uni,Europe,2020-05-12,46.538
GBR,Royaume-Uni,Europe,2020-05-13,45.41
GBR,Royaume-Uni,Europe,2020-05-14,42.984
GBR,Royaume-Uni,Europe,2020-05-15,41.866
GBR,Royaume-Uni,Europe,2020-05-16,41.702
GBR,Royaume-Uni,Europe,2020-05-17,40.658
GBR,Royaume-Uni,Europe,2020-05-18,38.529
GBR,Royaume-Uni,Europe,2020-05-19,37.82
GBR,Royaume-Uni,Europe,2020-05-20,36.582
GBR,Royaume-Uni,Europe,2020-05-21,36.448
GBR,Royaume-Uni,Europe,2020-05-22,35.438
GBR,Royaume-Uni,Europe,2020-05-23,34.251
GBR,Royaume-Uni,Europe,2020-05-24,33.26
GBR,Royaume-Uni,Europe,2020-05-25,31.231
GBR,Royaume-Uni,Europe,2020-05-26,28.287
GBR,Royaume-Uni,Europe,2020-05-27,26.387
GBR,Royaume-Uni,Europe,2020-05-28,24.665
GBR,Royaume-Uni,Europe,2020-05-29,23.544
GBR,Royaume-Uni,Europe,2020-05-30,22.7
GBR,Royaume-Uni,Europe,2020-05-31,22.1
GBR,Royaume-Uni,Europe,2020-06-01,21.744
GBR,Royaume-Uni,Europe,2020-06-02,21.347
GBR,Royaume-Uni,Europe,2020-06-03,20.379
GBR,Royaume-Uni,Europe,2020-06-04,19.331
GBR,Royaume-Uni,Europe,2020-06-05,18.493
GBR,Royaume-Uni,Europe,2020-06-06,17.835
GBR,Royaume-Uni,Europe,2020-06-07,17.094
GBR,Royaume-Uni,Europe,2020-06-08,16.357
GBR,Royaume-Uni,Europe,2020-06-09,15.703
GBR,Royaume-Uni,Europe,2020-06-10,15.36
GBR,Royaume-Uni,Europe,2020-06-11,14.874
GBR,Royaume-Uni,Europe,2020-06-12,14.756
GBR,Royaume-Uni,Europe,2020-06-13,14.954
GBR,Royaume-Uni,Europe,2020-06-14,15.141
GBR,Royaume-Uni,Europe,2020-06-15,15.008
GBR,Royaume-Uni,Europe,2020-06-16,14.848
GBR,Royaume-Uni,Europe,2020-06-17,14.455
GBR,Royaume-Uni,Europe,2020-06-18,14.482
GBR,Royaume-Uni,Europe,2020-06-19,14.335
GBR,Royaume-Uni,Europe,2020-06-20,13.868
GBR,Royaume-Uni,Europe,2020-06-21,13.483
GBR,Royaume-Uni,Europe,2020-06-22,13.19
GBR,Royaume-Uni,Europe,2020-06-23,12.767
GBR,Royaume-Uni,Europe,2020-06-24,12.3
GBR,Royaume-Uni,Europe,2020-06-25,11.62
GBR,Royaume-Uni,Europe,2020-06-26,10.894
GBR,Royaume-Uni,Europe,2020-06-27,10.827
GBR,Royaume-Uni,Europe,2020-06-28,10.37
GBR,Royaume-Uni,Europe,2020-06-29,9.798
GBR,Royaume-Uni,Europe,2020-06-30,8.792
GBR,Royaume-Uni,Europe,2020-07-01,7.29
GBR,Royaume-Uni,Europe,2020-07-02,5.835
GBR,Royaume-Uni,Europe,2020-07-03,5.547
GBR,Royaume-Uni,Europe,2020-07-04,5.528
GBR,Royaume-Uni,Europe,2020-07-05,5.764
GBR,Royaume-Uni,Europe,2020-07-06,5.215
GBR,Royaume-Uni,Europe,2020-07-07,5.593
GBR,Royaume-Uni,Europe,2020-07-08,6.801
GBR,Royaume-Uni,Europe,2020-07-09,8.142
GBR,Royaume-Uni,Europe,2020-07-10,8.188
GBR,Royaume-Uni,Europe,2020-07-11,8.611
GBR,Royaume-Uni,Europe,2020-07-12,8.887
GBR,Royaume-Uni,Europe,2020-07-13,9.261
GBR,Royaume-Uni,Europe,2020-07-14,10.642
GBR,Royaume-Uni,Europe,2020-07-15,10.433
GBR,Royaume-Uni,Europe,2020-07-16,10.442
GBR,Royaume-Uni,Europe,2020-07-17,10.785
GBR,Royaume-Uni,Europe,2020-07-18,10.791
GBR,Royaume-Uni,Europe,2020-07-19,10.951
GBR,Royaume-Uni,Europe,2020-07-20,11.054
GBR,Royaume-Uni,Europe,2020-07-21,9.381
GBR,Royaume-Uni,Europe,2020-07-22,9.434
GBR,Royaume-Uni,Europe,2020-07-23,9.712
GBR,Royaume-Uni,Europe,2020-07-24,9.884
GBR,Royaume-Uni,Europe,2020-07-25,9.76
GBR,Royaume-Uni,Europe,2020-07-26,9.811
GBR,Royaume-Uni,Europe,2020-07-27,10.025
GBR,Royaume-Uni,Europe,2020-07-28,10.252
GBR,Royaume-Uni,Europe,2020-07-29,10.755
GBR,Royaume-Uni,Europe,2020-07-30,10.899
GBR,Royaume-Uni,Europe,2020-07-31,11.138
GBR,Royaume-Uni,Europe,2020-08-01,11.136
GBR,Royaume-Uni,Europe,2020-08-02,11.13
GBR,Royaume-Uni,Europe,2020-08-03,11.665
GBR,Royaume-Uni,Europe,2020-08-04,11.921
GBR,Royaume-Uni,Europe,2020-08-05,12.14
GBR,Royaume-Uni,Europe,2020-08-06,12.386
GBR,Royaume-Uni,Europe,2020-08-07,12.422
GBR,Royaume-Uni,Europe,2020-08-08,12.414
GBR,Royaume-Uni,Europe,2020-08-09,13.184
GBR,Royaume-Uni,Europe,2020-08-10,12.923
GBR,Royaume-Uni,Europe,2020-08-11,13.922
GBR,Royaume-Uni,Europe,2020-08-12,14.202
GBR,Royaume-Uni,Europe,2020-08-13,14.59
GBR,Royaume-Uni,Europe,2020-08-14,15.77
GBR,Royaume-Uni,Europe,2020-08-15,16.353
GBR,Royaume-Uni,Europe,2020-08-16,16.349
GBR,Royaume-Uni,Europe,2020-08-17,16.145
GBR,Royaume-Uni,Europe,2020-08-18,16.067
GBR,Royaume-Uni,Europe,2020-08-19,15.629
GBR,Royaume-Uni,Europe,2020-08-20,15.728
GBR,Royaume-Uni,Europe,2020-08-21,14.884
GBR,Royaume-Uni,Europe,2020-08-22,15.494
GBR,Royaume-Uni,Europe,2020-08-23,15.362
GBR,Royaume-Uni,Europe,2020-08-24,15.901
GBR,Royaume-Uni,Europe,2020-08-25,16.086
GBR,Royaume-Uni,Europe,2020-08-26,16.749
GBR,Royaume-Uni,Europe,2020-08-27,17.479
GBR,Royaume-Uni,Europe,2020-08-28,17.978
GBR,Royaume-Uni,Europe,2020-08-29,17.51
GBR,Royaume-Uni,Europe,2020-08-30,18.992
GBR,Royaume-Uni,Europe,2020-08-31,19.914
GBR,Royaume-Uni,Europe,2020-09-01,20.189
GBR,Royaume-Uni,Europe,2020-09-02,20.964
GBR,Royaume-Uni,Europe,2020-09-03,21.462
GBR,Royaume-Uni,Europe,2020-09-04,22.896
GBR,Royaume-Uni,Europe,2020-09-05,24.404
GBR,Royaume-Uni,Europe,2020-09-06,27.003
GBR,Royaume-Uni,Europe,2020-09-07,30.24
GBR,Royaume-Uni,Europe,2020-09-08,32.658
GBR,Royaume-Uni,Europe,2020-09-09,35.113
GBR,Royaume-Uni,Europe,2020-09-10,37.538
GBR,Royaume-Uni,Europe,2020-09-11,40.833
GBR,Royaume-Uni,Europe,2020-09-12,44.362
GBR,Royaume-Uni,Europe,2020-09-13,45.101
GBR,Royaume-Uni,Europe,2020-09-14,44.411
GBR,Royaume-Uni,Europe,2020-09-15,45.745
GBR,Royaume-Uni,Europe,2020-09-16,48.535
GBR,Royaume-Uni,Europe,2020-09-17,49.543
GBR,Royaume-Uni,Europe,2020-09-18,51.195
GBR,Royaume-Uni,Europe,2020-09-19,53.142
GBR,Royaume-Uni,Europe,2020-09-20,54.322
GBR,Royaume-Uni,Europe,2020-09-21,58.011
GBR,Royaume-Uni,Europe,2020-09-22,61.843
GBR,Royaume-Uni,Europe,2020-09-23,66.431
GBR,Royaume-Uni,Europe,2020-09-24,73.236
GBR,Royaume-Uni,Europe,2020-09-25,78.6
GBR,Royaume-Uni,Europe,2020-09-26,82.011
GBR,Royaume-Uni,Europe,2020-09-27,85.801
GBR,Royaume-Uni,Europe,2020-09-28,85.124
GBR,Royaume-Uni,Europe,2020-09-29,89.795
GBR,Royaume-Uni,Europe,2020-09-30,91.753
GBR,Royaume-Uni,Europe,2020-10-01,92.352
GBR,Royaume-Uni,Europe,2020-10-02,92.596
GBR,Royaume-Uni,Europe,2020-10-03,106.98
GBR,Royaume-Uni,Europe,2020-10-04,143.312
GBR,Royaume-Uni,Europe,2020-10-05,161.298
GBR,Royaume-Uni,Europe,2020-10-06,176.872
GBR,Royaume-Uni,Europe,2020-10-07,191.721
GBR,Royaume-Uni,Europe,2020-10-08,214.071
GBR,Royaume-Uni,Europe,2020-10-09,228.579
GBR,Royaume-Uni,Europe,2020-10-10,233.398
GBR,Royaume-Uni,Europe,2020-10-11,212.179
GBR,Royaume-Uni,Europe,2020-10-12,215.142
GBR,Royaume-Uni,Europe,2020-10-13,220.809
GBR,Royaume-Uni,Europe,2020-10-14,232.547
GBR,Royaume-Uni,Europe,2020-10-15,235.59
GBR,Royaume-Uni,Europe,2020-10-16,239.313
GBR,Royaume-Uni,Europe,2020-10-17,241.44
GBR,Royaume-Uni,Europe,2020-10-18,250.094
GBR,Royaume-Uni,Europe,2020-10-19,260.235
GBR,Royaume-Uni,Europe,2020-10-20,268.894
GBR,Royaume-Uni,Europe,2020-10-21,283.532
GBR,Royaume-Uni,Europe,2020-10-22,288.29
GBR,Royaume-Uni,Europe,2020-10-23,298.606
GBR,Royaume-Uni,Europe,2020-10-24,313.014
GBR,Royaume-Uni,Europe,2020-10-25,318.913
GBR,Royaume-Uni,Europe,2020-10-26,323.269
GBR,Royaume-Uni,Europe,2020-10-27,326.55
GBR,Royaume-Uni,Europe,2020-10-28,322.356
GBR,Royaume-Uni,Europe,2020-10-29,326.188
GBR,Royaume-Uni,Europe,2020-10-30,334.308
GBR,Royaume-Uni,Europe,2020-10-31,331.964
GBR,Royaume-Uni,Europe,2020-11-01,339.254
GBR,Royaume-Uni,Europe,2020-11-02,335.186
GBR,Royaume-Uni,Europe,2020-11-03,329.197
GBR,Royaume-Uni,Europe,2020-11-04,330.232
GBR,Royaume-Uni,Europe,2020-11-05,332.518
GBR,Royaume-Uni,Europe,2020-11-06,330.211
GBR,Royaume-Uni,Europe,2020-11-07,336.65
GBR,Royaume-Uni,Europe,2020-11-08,331.009
GBR,Royaume-Uni,Europe,2020-11-09,336.122
GBR,Royaume-Uni,Europe,2020-11-10,336.907
GBR,Royaume-Uni,Europe,2020-11-11,332.265
GBR,Royaume-Uni,Europe,2020-11-12,351.947
GBR,Royaume-Uni,Europe,2020-11-13,360.352
GBR,Royaume-Uni,Europe,2020-11-14,364.344
GBR,Royaume-Uni,Europe,2020-11-15,373.597
GBR,Royaume-Uni,Europe,2020-11-16,373.637
GBR,Royaume-Uni,Europe,2020-11-17,372.814
GBR,Royaume-Uni,Europe,2020-11-18,365.754
GBR,Royaume-Uni,Europe,2020-11-19,343.488
GBR,Royaume-Uni,Europe,2020-11-20,328.669
GBR,Royaume-Uni,Europe,2020-11-21,314.033
GBR,Royaume-Uni,Europe,2020-11-22,300.754
GBR,Royaume-Uni,Europe,2020-11-23,288.231
GBR,Royaume-Uni,Europe,2020-11-24,269.889
GBR,Royaume-Uni,Europe,2020-11-25,266.977
GBR,Royaume-Uni,Europe,2020-11-26,255.658
GBR,Royaume-Uni,Europe,2020-11-27,244.182
GBR,Royaume-Uni,Europe,2020-11-28,235.702
GBR,Royaume-Uni,Europe,2020-11-29,222.017
GBR,Royaume-Uni,Europe,2020-11-30,215.626
GBR,Royaume-Uni,Europe,2020-12-01,220.157
GBR,Royaume-Uni,Europe,2020-12-02,215.898
GBR,Royaume-Uni,Europe,2020-12-03,210.414
GBR,Royaume-Uni,Europe,2020-12-04,213.699
GBR,Royaume-Uni,Europe,2020-12-05,213.042
GBR,Royaume-Uni,Europe,2020-12-06,224.002
GBR,Royaume-Uni,Europe,2020-12-07,228.938
GBR,Royaume-Uni,Europe,2020-12-08,226.6
GBR,Royaume-Uni,Europe,2020-12-09,227.436
GBR,Royaume-Uni,Europe,2020-12-10,240.304
GBR,Royaume-Uni,Europe,2020-12-11,251.672
GBR,Royaume-Uni,Europe,2020-12-12,264.246
GBR,Royaume-Uni,Europe,2020-12-13,266.706
GBR,Royaume-Uni,Europe,2020-12-14,278.496
GBR,Royaume-Uni,Europe,2020-12-15,291.508
GBR,Royaume-Uni,Europe,2020-12-16,309.744
GBR,Royaume-Uni,Europe,2020-12-17,340.186
GBR,Royaume-Uni,Europe,2020-12-18,354.445
GBR,Royaume-Uni,Europe,2020-12-19,366.429
GBR,Royaume-Uni,Europe,2020-12-20,403.346
GBR,Royaume-Uni,Europe,2020-12-21,430.998
GBR,Royaume-Uni,Europe,2020-12-22,469.638
GBR,Royaume-Uni,Europe,2020-12-23,499.282
GBR,Royaume-Uni,Europe,2020-12-24,506.894
GBR,Royaume-Uni,Europe,2020-12-25,515.823
GBR,Royaume-Uni,Europe,2020-12-26,531.688
GBR,Royaume-Uni,Europe,2020-12-27,524.131
GBR,Royaume-Uni,Europe,2020-12-28,540.846
GBR,Royaume-Uni,Europe,2020-12-29,575.24
GBR,Royaume-Uni,Europe,2020-12-30,598.076
GBR,Royaume-Uni,Europe,2020-12-31,633.598
GBR,Royaume-Uni,Europe,2021-01-01,677.064
GBR,Royaume-Uni,Europe,2021-01-02,725.601
GBR,Royaume-Uni,Europe,2021-01-03,773.294
GBR,Royaume-Uni,Europe,2021-01-04,810.043
GBR,Royaume-Uni,Europe,2021-01-05,826.482
GBR,Royaume-Uni,Europe,2021-01-06,852.402
GBR,Royaume-Uni,Europe,2021-01-07,845.579
GBR,Royaume-Uni,Europe,2021-01-08,876.585
GBR,Royaume-Uni,Europe,2021-01-09,881.309
GBR,Royaume-Uni,Europe,2021-01-10,881.034
GBR,Royaume-Uni,Europe,2021-01-11,854.418
GBR,Royaume-Uni,Europe,2021-01-12,821.928
GBR,Royaume-Uni,Europe,2021-01-13,790.586
GBR,Royaume-Uni,Europe,2021-01-14,782.204
GBR,Royaume-Uni,Europe,2021-01-15,756.306
GBR,Royaume-Uni,Europe,2021-01-16,717.017
GBR,Royaume-Uni,Europe,2021-01-17,682.598
GBR,Royaume-Uni,Europe,2021-01-18,664.364
GBR,Royaume-Uni,Europe,2021-01-19,638.703
GBR,Royaume-Uni,Europe,2021-01-20,620.458
GBR,Royaume-Uni,Europe,2021-01-21,597.674
GBR,Royaume-Uni,Europe,2021-01-22,564.922
GBR,Royaume-Uni,Europe,2021-01-23,548.558
GBR,Royaume-Uni,Europe,2021-01-24,530.547
GBR,Royaume-Uni,Europe,2021-01-25,498.211
GBR,Royaume-Uni,Europe,2021-01-26,470.251
GBR,Royaume-Uni,Europe,2021-01-27,441.583
GBR,Royaume-Uni,Europe,2021-01-28,422.294
GBR,Royaume-Uni,Europe,2021-01-29,398.776
GBR,Royaume-Uni,Europe,2021-01-30,377.202
GBR,Royaume-Uni,Europe,2021-01-31,358.429
GBR,Royaume-Uni,Europe,2021-02-01,350.903
GBR,Royaume-Uni,Europe,2021-02-02,344.041
GBR,Royaume-Uni,Europe,2021-02-03,331.091
GBR,Royaume-Uni,Europe,2021-02-04,314.094
GBR,Royaume-Uni,Europe,2021-02-05,293.174
GBR,Royaume-Uni,Europe,2021-02-06,282.575
GBR,Royaume-Uni,Europe,2021-02-07,271.451
GBR,Royaume-Uni,Europe,2021-02-08,261.918
GBR,Royaume-Uni,Europe,2021-02-09,252.522
GBR,Royaume-Uni,Europe,2021-02-10,239.605
GBR,Royaume-Uni,Europe,2021-02-11,224.473
GBR,Royaume-Uni,Europe,2021-02-12,216.043
GBR,Royaume-Uni,Europe,2021-02-13,205.504
GBR,Royaume-Uni,Europe,2021-02-14,195.165
GBR,Royaume-Uni,Europe,2021-02-15,185.986
GBR,Royaume-Uni,Europe,2021-02-16,182.188
GBR,Royaume-Uni,Europe,2021-02-17,181.521
GBR,Royaume-Uni,Europe,2021-02-18,178.474
GBR,Royaume-Uni,Europe,2021-02-19,171.952
GBR,Royaume-Uni,Europe,2021-02-20,165.845
GBR,Royaume-Uni,Europe,2021-02-21,163.413
GBR,Royaume-Uni,Europe,2021-02-22,165.271
GBR,Royaume-Uni,Europe,2021-02-23,160.824
GBR,Royaume-Uni,Europe,2021-02-24,154.905
GBR,Royaume-Uni,Europe,2021-02-25,150.538
GBR,Royaume-Uni,Europe,2021-02-26,143.15
GBR,Royaume-Uni,Europe,2021-02-27,136.845
GBR,Royaume-Uni,Europe,2021-02-28,128.89
GBR,Royaume-Uni,Europe,2021-03-01,117.954
GBR,Royaume-Uni,Europe,2021-03-02,113.51
GBR,Royaume-Uni,Europe,2021-03-03,106.088
GBR,Royaume-Uni,Europe,2021-03-04,98.983
GBR,Royaume-Uni,Europe,2021-03-05,93.588
GBR,Royaume-Uni,Europe,2021-03-06,90.77
GBR,Royaume-Uni,Europe,2021-03-07,89.097
GBR,Royaume-Uni,Europe,2021-03-08,87.752
GBR,Royaume-Uni,Europe,2021-03-09,86.612
GBR,Royaume-Uni,Europe,2021-03-10,85.772
GBR,Royaume-Uni,Europe,2021-03-11,86.174
GBR,Royaume-Uni,Europe,2021-03-12,87.563
GBR,Royaume-Uni,Europe,2021-03-13,86.508
GBR,Royaume-Uni,Europe,2021-03-14,85.32
GBR,Royaume-Uni,Europe,2021-03-15,85.966
GBR,Royaume-Uni,Europe,2021-03-16,84.901
GBR,Royaume-Uni,Europe,2021-03-17,84.421
GBR,Royaume-Uni,Europe,2021-03-18,83.362
GBR,Royaume-Uni,Europe,2021-03-19,79.549
GBR,Royaume-Uni,Europe,2021-03-20,79.596
GBR,Royaume-Uni,Europe,2021-03-21,80.987
GBR,Royaume-Uni,Europe,2021-03-22,81.57
GBR,Royaume-Uni,Europe,2021-03-23,81.683
GBR,Royaume-Uni,Europe,2021-03-24,81.332
GBR,Royaume-Uni,Europe,2021-03-25,81.216
GBR,Royaume-Uni,Europe,2021-03-26,84.084
GBR,Royaume-Uni,Europe,2021-03-27,80.444
GBR,Royaume-Uni,Europe,2021-03-28,77.479
GBR,Royaume-Uni,Europe,2021-03-29,76.165
GBR,Royaume-Uni,Europe,2021-03-30,73.333
GBR,Royaume-Uni,Europe,2021-03-31,70.153
GBR,Royaume-Uni,Europe,2021-04-01,66.551
GBR,Royaume-Uni,Europe,2021-04-02,60.631
GBR,Royaume-Uni,Europe,2021-04-03,59.61
GBR,Royaume-Uni,Europe,2021-04-04,56.366
GBR,Royaume-Uni,Europe,2021-04-05,52.258
GBR,Royaume-Uni,Europe,2021-04-06,48.75
GBR,Royaume-Uni,Europe,2021-04-07,45.976
GBR,Royaume-Uni,Europe,2021-04-08,42.944
GBR,Royaume-Uni,Europe,2021-04-09,25.669
GBR,Royaume-Uni,Europe,2021-04-10,24.173
GBR,Royaume-Uni,Europe,2021-04-11,22.752
GBR,Royaume-Uni,Europe,2021-04-12,24.552
GBR,Royaume-Uni,Europe,2021-04-13,24.764
GBR,Royaume-Uni,Europe,2021-04-14,24.2
GBR,Royaume-Uni,Europe,2021-04-15,23.447
GBR,Royaume-Uni,Europe,2021-04-16,39.427
GBR,Royaume-Uni,Europe,2021-04-17,38.502
GBR,Royaume-Uni,Europe,2021-04-18,38.826
GBR,Royaume-Uni,Europe,2021-04-19,37.496
GBR,Royaume-Uni,Europe,2021-04-20,37.548
GBR,Royaume-Uni,Europe,2021-04-21,37.327
GBR,Royaume-Uni,Europe,2021-04-22,37.327
GBR,Royaume-Uni,Europe,2021-04-23,37.216
GBR,Royaume-Uni,Europe,2021-04-24,36.898
GBR,Royaume-Uni,Europe,2021-04-25,36.58
GBR,Royaume-Uni,Europe,2021-04-26,34.613
GBR,Royaume-Uni,Europe,2021-04-27,34.964
GBR,Royaume-Uni,Europe,2021-04-28,34.347
GBR,Royaume-Uni,Europe,2021-04-29,33.701
GBR,Royaume-Uni,Europe,2021-04-30,32.95
GBR,Royaume-Uni,Europe,2021-05-01,32.506
GBR,Royaume-Uni,Europe,2021-05-02,32.382
GBR,Royaume-Uni,Europe,2021-05-03,31.446
GBR,Royaume-Uni,Europe,2021-05-04,29.945
GBR,Royaume-Uni,Europe,2021-05-05,29.996
GBR,Royaume-Uni,Europe,2021-05-06,30.33
GBR,Royaume-Uni,Europe,2021-05-07,30.526
GBR,Royaume-Uni,Europe,2021-05-08,30.831
GBR,Royaume-Uni,Europe,2021-05-09,31.033
GBR,Royaume-Uni,Europe,2021-05-10,32.515
GBR,Royaume-Uni,Europe,2021-05-11,33.579
GBR,Royaume-Uni,Europe,2021-05-12,33.876
GBR,Royaume-Uni,Europe,2021-05-13,33.971
GBR,Royaume-Uni,Europe,2021-05-14,33.356
GBR,Royaume-Uni,Europe,2021-05-15,33.365
GBR,Royaume-Uni,Europe,2021-05-16,33.693
GBR,Royaume-Uni,Europe,2021-05-17,32.883
GBR,Royaume-Uni,Europe,2021-05-18,22.672
GBR,Royaume-Uni,Europe,2021-05-19,22.357
GBR,Royaume-Uni,Europe,2021-05-20,22.433
GBR,Royaume-Uni,Europe,2021-05-21,23.506
GBR,Royaume-Uni,Europe,2021-05-22,24.482
GBR,Royaume-Uni,Europe,2021-05-23,24.834
GBR,Royaume-Uni,Europe,2021-05-24,25.627
GBR,Royaume-Uni,Europe,2021-05-25,35.684
GBR,Royaume-Uni,Europe,2021-05-26,37.462
GBR,Royaume-Uni,Europe,2021-05-27,38.903
GBR,Royaume-Uni,Europe,2021-05-28,41.685
GBR,Royaume-Uni,Europe,2021-05-29,43.194
GBR,Royaume-Uni,Europe,2021-05-30,45.343
GBR,Royaume-Uni,Europe,2021-05-31,47.287
GBR,Royaume-Uni,Europe,2021-06-01,48.729
GBR,Royaume-Uni,Europe,2021-06-02,51.408
GBR,Royaume-Uni,Europe,2021-06-03,55.189
GBR,Royaume-Uni,Europe,2021-06-04,59.638
GBR,Royaume-Uni,Europe,2021-06-05,64.718
GBR,Royaume-Uni,Europe,2021-06-06,69.16
GBR,Royaume-Uni,Europe,2021-06-07,74.006
GBR,Royaume-Uni,Europe,2021-06-08,80.048
GBR,Royaume-Uni,Europe,2021-06-09,86.483
GBR,Royaume-Uni,Europe,2021-06-10,90.814
GBR,Royaume-Uni,Europe,2021-06-11,94.636
GBR,Royaume-Uni,Europe,2021-06-12,98.628
GBR,Royaume-Uni,Europe,2021-06-13,103.066
GBR,Royaume-Uni,Europe,2021-06-14,107.325
GBR,Royaume-Uni,Europe,2021-06-15,110.736
GBR,Royaume-Uni,Europe,2021-06-16,113.869
GBR,Royaume-Uni,Europe,2021-06-17,121.412
GBR,Royaume-Uni,Europe,2021-06-18,126.308
GBR,Royaume-Uni,Europe,2021-06-19,131.62
GBR,Royaume-Uni,Europe,2021-06-20,135.288
GBR,Royaume-Uni,Europe,2021-06-21,141.279
GBR,Royaume-Uni,Europe,2021-06-22,149.513
GBR,Royaume-Uni,Europe,2021-06-23,164.522
GBR,Royaume-Uni,Europe,2021-06-24,176.899
GBR,Royaume-Uni,Europe,2021-06-25,187.604
GBR,Royaume-Uni,Europe,2021-06-26,204.166
GBR,Royaume-Uni,Europe,2021-06-27,215.858
GBR,Royaume-Uni,Europe,2021-06-28,241.647
GBR,Royaume-Uni,Europe,2021-06-29,260.068
GBR,Royaume-Uni,Europe,2021-06-30,280.538
GBR,Royaume-Uni,Europe,2021-07-01,303.561
GBR,Royaume-Uni,Europe,2021-07-02,327.739
GBR,Royaume-Uni,Europe,2021-07-03,341.457
GBR,Royaume-Uni,Europe,2021-07-04,360.95
GBR,Royaume-Uni,Europe,2021-07-05,370.173
